"System.ObjectModel, Version=4.1.1.0, Culture=neutral, PublicKeyToken=b03f5f7f11d50a3a","","1562629559","CAU0AAAAVgBTAF8AVgBFAFIAUwBJAE8ATgBfAEkATgBGAE8AAAAAAL0E7/4AAAEABgAEAAEABW0AAAAAAAAAAD8AAAAAAAAABAAAAAIAAAAAAAAAAAAAAAAAAABEAAAAAQBWAGEAcgBGAGkAbABlAEkAbgBmAG8AAAAAACQABAAAAFQAcgBhAG4AcwBsAGEAdABpAG8AbgAAAAAAAACwBGgEAAABAFMAdAByAGkAbgBnAEYAaQBsAGUASQBuAGYAbwAAAEQEAAABADAAMAAwADAAMAA0AGIAMAAAAD4AEwABAEMAbwBtAG0AZQBuAHQAcwAAAFMAeQBzAHQAZQBtAC4ATwBiAGoAZQBjAHQATQBvAGQAZQBsAAAAAABMABYAAQBDAG8AbQBwAGEAbgB5AE4AYQBtAGUAAAAAAE0AaQBjAHIAbwBzAG8AZgB0ACAAQwBvAHIAcABvAHIAYQB0AGkAbwBuAAAATgATAAEARgBpAGwAZQBEAGUAcwBjAHIAaQBwAHQAaQBvAG4AAAAAAFMAeQBzAHQAZQBtAC4ATwBiAGoAZQBjAHQATQBvAGQAZQBsAAAAAAA6AA0AAQBGAGkAbABlAFYAZQByAHMAaQBvAG4AAAAAADQALgA2AC4AMgA3ADkAMAA5AC4AMAAxAAAAAABOABcAAQBJAG4AdABlAHIAbgBhAGwATgBhAG0AZQAAAFMAeQBzAHQAZQBtAC4ATwBiAGoAZQBjAHQATQBvAGQAZQBsAC4AZABsAGwAAAAAAIAALgABAEwAZQBnAGEAbABDAG8AcAB5AHIAaQBnAGgAdAAAAKkAIABNAGkAYwByAG8AcwBvAGYAdAAgAEMAbwByAHAAbwByAGEAdABpAG8AbgAuACAAQQBsAGwAIAByAGkAZwBoAHQAcwAgAHIAZQBzAGUAcgB2AGUAZAAuAAAAVgAXAAEATwByAGkAZwBpAG4AYQBsAEYAaQBsAGUAbgBhAG0AZQAAAFMAeQBzAHQAZQBtAC4ATwBiAGoAZQBjAHQATQBvAGQAZQBsAC4AZABsAGwAAAAAAFQAGgABAFAAcgBvAGQAdQBjAHQATgBhAG0AZQAAAAAATQBpAGMAcgBvAHMAbwBmAHQArgAgAC4ATgBFAFQAIABGAHIAYQBtAGUAdwBvAHIAawAAAGABngABAFAAcgBvAGQAdQBjAHQAVgBlAHIAcwBpAG8AbgAAADQALgA2AC4AMgA3ADkAMAA5AC4AMAAxACAAQABCAHUAaQBsAHQAQgB5ADoAIABkAGwAYQBiADEANAAtAEQARABWAFMATwBXAEkATgBBAEcARQAwADcAOQAgAEAAQgByAGEAbgBjAGgAOgAgAHIAZQBsAGUAYQBzAGUALwB1AHcAcAA2AC4AMgAgAEAAUwByAGMAQwBvAGQAZQA6ACAAaAB0AHQAcABzADoALwAvAGcAaQB0AGgAdQBiAC4AYwBvAG0ALwBkAG8AdABuAGUAdAAvAGMAbwByAGUAZgB4AC8AdAByAGUAZQAvADQAYQA2ADkANQA4ADEAZgBjAGIANgAzAGIAYQBlADAAZgA3AGMAMwBjADQANQBkADgANwA2AGYANgA0ADQAMwBlADEANgAwAGEAMQA3ADQAAAA4AAgAAQBBAHMAcwBlAG0AYgBsAHkAIABWAGUAcgBzAGkAbwBuAAAANAAuADEALgAxAC4AMAAAAA==","PDBPresent","","v4.0.30319"
"System.Private.StackTraceMetadata, Version=4.0.0.0, Culture=neutral, PublicKeyToken=b03f5f7f11d50a3a","","1562887206","tAQ0AAAAVgBTAF8AVgBFAFIAUwBJAE8ATgBfAEkATgBGAE8AAAAAAL0E7/4AAAEABgAEAAAACG0AAAAAAAAAAD8AAAAAAAAABAAAAAIAAAAAAAAAAAAAAAAAAABEAAAAAQBWAGEAcgBGAGkAbABlAEkAbgBmAG8AAAAAACQABAAAAFQAcgBhAG4AcwBsAGEAdABpAG8AbgAAAAAAAACwBBQEAAABAFMAdAByAGkAbgBnAEYAaQBsAGUASQBuAGYAbwAAAPADAAABADAAMAAwADAAMAA0AGIAMAAAAFwAIgABAEMAbwBtAG0AZQBuAHQAcwAAAFMAeQBzAHQAZQBtAC4AUAByAGkAdgBhAHQAZQAuAFMAdABhAGMAawBUAHIAYQBjAGUATQBlAHQAYQBkAGEAdABhAAAATAAWAAEAQwBvAG0AcABhAG4AeQBOAGEAbQBlAAAAAABNAGkAYwByAG8AcwBvAGYAdAAgAEMAbwByAHAAbwByAGEAdABpAG8AbgAAAGwAIgABAEYAaQBsAGUARABlAHMAYwByAGkAcAB0AGkAbwBuAAAAAABTAHkAcwB0AGUAbQAuAFAAcgBpAHYAYQB0AGUALgBTAHQAYQBjAGsAVAByAGEAYwBlAE0AZQB0AGEAZABhAHQAYQAAADoADQABAEYAaQBsAGUAVgBlAHIAcwBpAG8AbgAAAAAANAAuADYALgAyADcAOQAxADIALgAwADAAAAAAAGwAJgABAEkAbgB0AGUAcgBuAGEAbABOAGEAbQBlAAAAUwB5AHMAdABlAG0ALgBQAHIAaQB2AGEAdABlAC4AUwB0AGEAYwBrAFQAcgBhAGMAZQBNAGUAdABhAGQAYQB0AGEALgBkAGwAbAAAAIIALwABAEwAZQBnAGEAbABDAG8AcAB5AHIAaQBnAGgAdAAAAKkAIABNAGkAYwByAG8AcwBvAGYAdAAgAEMAbwByAHAAbwByAGEAdABpAG8AbgAuACAAIABBAGwAbAAgAHIAaQBnAGgAdABzACAAcgBlAHMAZQByAHYAZQBkAC4AAAAAAHQAJgABAE8AcgBpAGcAaQBuAGEAbABGAGkAbABlAG4AYQBtAGUAAABTAHkAcwB0AGUAbQAuAFAAcgBpAHYAYQB0AGUALgBTAHQAYQBjAGsAVAByAGEAYwBlAE0AZQB0AGEAZABhAHQAYQAuAGQAbABsAAAAVAAaAAEAUAByAG8AZAB1AGMAdABOAGEAbQBlAAAAAABNAGkAYwByAG8AcwBvAGYAdACuACAALgBOAEUAVAAgAEYAcgBhAG0AZQB3AG8AcgBrAAAAmAA6AAEAUAByAG8AZAB1AGMAdABWAGUAcgBzAGkAbwBuAAAANAAuADYALgAyADcAOQAxADIALgAwADAAIABiAHUAaQBsAHQAIABiAHkAOgAgAGQAbABhAGIAMQA0AC0ARABEAEIATABEADMANAA0AEEALgAgAEMAbwBtAG0AaQB0ACAASABhAHMAaAA6ACAATgAvAEEAAAA4AAgAAQBBAHMAcwBlAG0AYgBsAHkAIABWAGUAcgBzAGkAbwBuAAAANAAuADAALgAwAC4AMAAAAA==","PDBPresent","","v4.0.30319"
"System.Private.Reflection.Execution, Version=4.0.0.0, Culture=neutral, PublicKeyToken=b03f5f7f11d50a3a","","1562887203","xAQ0AAAAVgBTAF8AVgBFAFIAUwBJAE8ATgBfAEkATgBGAE8AAAAAAL0E7/4AAAEABgAEAAAACG0AAAAAAAAAAD8AAAAAAAAABAAAAAIAAAAAAAAAAAAAAAAAAABEAAAAAQBWAGEAcgBGAGkAbABlAEkAbgBmAG8AAAAAACQABAAAAFQAcgBhAG4AcwBsAGEAdABpAG8AbgAAAAAAAACwBCQEAAABAFMAdAByAGkAbgBnAEYAaQBsAGUASQBuAGYAbwAAAAAEAAABADAAMAAwADAAMAA0AGIAMAAAAGAAJAABAEMAbwBtAG0AZQBuAHQAcwAAAFMAeQBzAHQAZQBtAC4AUAByAGkAdgBhAHQAZQAuAFIAZQBmAGwAZQBjAHQAaQBvAG4ALgBFAHgAZQBjAHUAdABpAG8AbgAAAEwAFgABAEMAbwBtAHAAYQBuAHkATgBhAG0AZQAAAAAATQBpAGMAcgBvAHMAbwBmAHQAIABDAG8AcgBwAG8AcgBhAHQAaQBvAG4AAABwACQAAQBGAGkAbABlAEQAZQBzAGMAcgBpAHAAdABpAG8AbgAAAAAAUwB5AHMAdABlAG0ALgBQAHIAaQB2AGEAdABlAC4AUgBlAGYAbABlAGMAdABpAG8AbgAuAEUAeABlAGMAdQB0AGkAbwBuAAAAOgANAAEARgBpAGwAZQBWAGUAcgBzAGkAbwBuAAAAAAA0AC4ANgAuADIANwA5ADEAMgAuADAAMAAAAAAAcAAoAAEASQBuAHQAZQByAG4AYQBsAE4AYQBtAGUAAABTAHkAcwB0AGUAbQAuAFAAcgBpAHYAYQB0AGUALgBSAGUAZgBsAGUAYwB0AGkAbwBuAC4ARQB4AGUAYwB1AHQAaQBvAG4ALgBkAGwAbAAAAIIALwABAEwAZQBnAGEAbABDAG8AcAB5AHIAaQBnAGgAdAAAAKkAIABNAGkAYwByAG8AcwBvAGYAdAAgAEMAbwByAHAAbwByAGEAdABpAG8AbgAuACAAIABBAGwAbAAgAHIAaQBnAGgAdABzACAAcgBlAHMAZQByAHYAZQBkAC4AAAAAAHgAKAABAE8AcgBpAGcAaQBuAGEAbABGAGkAbABlAG4AYQBtAGUAAABTAHkAcwB0AGUAbQAuAFAAcgBpAHYAYQB0AGUALgBSAGUAZgBsAGUAYwB0AGkAbwBuAC4ARQB4AGUAYwB1AHQAaQBvAG4ALgBkAGwAbAAAAFQAGgABAFAAcgBvAGQAdQBjAHQATgBhAG0AZQAAAAAATQBpAGMAcgBvAHMAbwBmAHQArgAgAC4ATgBFAFQAIABGAHIAYQBtAGUAdwBvAHIAawAAAJgAOgABAFAAcgBvAGQAdQBjAHQAVgBlAHIAcwBpAG8AbgAAADQALgA2AC4AMgA3ADkAMQAyAC4AMAAwACAAYgB1AGkAbAB0ACAAYgB5ADoAIABkAGwAYQBiADEANAAtAEQARABCAEwARAAzADQANABBAC4AIABDAG8AbQBtAGkAdAAgAEgAYQBzAGgAOgAgAE4ALwBBAAAAOAAIAAEAQQBzAHMAZQBtAGIAbAB5ACAAVgBlAHIAcwBpAG8AbgAAADQALgAwAC4AMAAuADAAAAA=","PDBPresent","","v4.0.30319"
"System.Diagnostics.Tools, Version=4.1.1.0, Culture=neutral, PublicKeyToken=b03f5f7f11d50a3a","","1562629548","OAU0AAAAVgBTAF8AVgBFAFIAUwBJAE8ATgBfAEkATgBGAE8AAAAAAL0E7/4AAAEABgAEAAEABW0AAAAAAAAAAD8AAAAAAAAABAAAAAIAAAAAAAAAAAAAAAAAAABEAAAAAQBWAGEAcgBGAGkAbABlAEkAbgBmAG8AAAAAACQABAAAAFQAcgBhAG4AcwBsAGEAdABpAG8AbgAAAAAAAACwBJgEAAABAFMAdAByAGkAbgBnAEYAaQBsAGUASQBuAGYAbwAAAHQEAAABADAAMAAwADAAMAA0AGIAMAAAAEoAGQABAEMAbwBtAG0AZQBuAHQAcwAAAFMAeQBzAHQAZQBtAC4ARABpAGEAZwBuAG8AcwB0AGkAYwBzAC4AVABvAG8AbABzAAAAAABMABYAAQBDAG8AbQBwAGEAbgB5AE4AYQBtAGUAAAAAAE0AaQBjAHIAbwBzAG8AZgB0ACAAQwBvAHIAcABvAHIAYQB0AGkAbwBuAAAAWgAZAAEARgBpAGwAZQBEAGUAcwBjAHIAaQBwAHQAaQBvAG4AAAAAAFMAeQBzAHQAZQBtAC4ARABpAGEAZwBuAG8AcwB0AGkAYwBzAC4AVABvAG8AbABzAAAAAAA6AA0AAQBGAGkAbABlAFYAZQByAHMAaQBvAG4AAAAAADQALgA2AC4AMgA3ADkAMAA5AC4AMAAxAAAAAABaAB0AAQBJAG4AdABlAHIAbgBhAGwATgBhAG0AZQAAAFMAeQBzAHQAZQBtAC4ARABpAGEAZwBuAG8AcwB0AGkAYwBzAC4AVABvAG8AbABzAC4AZABsAGwAAAAAAIAALgABAEwAZQBnAGEAbABDAG8AcAB5AHIAaQBnAGgAdAAAAKkAIABNAGkAYwByAG8AcwBvAGYAdAAgAEMAbwByAHAAbwByAGEAdABpAG8AbgAuACAAQQBsAGwAIAByAGkAZwBoAHQAcwAgAHIAZQBzAGUAcgB2AGUAZAAuAAAAYgAdAAEATwByAGkAZwBpAG4AYQBsAEYAaQBsAGUAbgBhAG0AZQAAAFMAeQBzAHQAZQBtAC4ARABpAGEAZwBuAG8AcwB0AGkAYwBzAC4AVABvAG8AbABzAC4AZABsAGwAAAAAAFQAGgABAFAAcgBvAGQAdQBjAHQATgBhAG0AZQAAAAAATQBpAGMAcgBvAHMAbwBmAHQArgAgAC4ATgBFAFQAIABGAHIAYQBtAGUAdwBvAHIAawAAAGABngABAFAAcgBvAGQAdQBjAHQAVgBlAHIAcwBpAG8AbgAAADQALgA2AC4AMgA3ADkAMAA5AC4AMAAxACAAQABCAHUAaQBsAHQAQgB5ADoAIABkAGwAYQBiADEANAAtAEQARABWAFMATwBXAEkATgBBAEcARQAwADcAOQAgAEAAQgByAGEAbgBjAGgAOgAgAHIAZQBsAGUAYQBzAGUALwB1AHcAcAA2AC4AMgAgAEAAUwByAGMAQwBvAGQAZQA6ACAAaAB0AHQAcABzADoALwAvAGcAaQB0AGgAdQBiAC4AYwBvAG0ALwBkAG8AdABuAGUAdAAvAGMAbwByAGUAZgB4AC8AdAByAGUAZQAvADQAYQA2ADkANQA4ADEAZgBjAGIANgAzAGIAYQBlADAAZgA3AGMAMwBjADQANQBkADgANwA2AGYANgA0ADQAMwBlADEANgAwAGEAMQA3ADQAAAA4AAgAAQBBAHMAcwBlAG0AYgBsAHkAIABWAGUAcgBzAGkAbwBuAAAANAAuADEALgAxAC4AMAAAAA==","PDBNotPresent","","v4.0.30319"
"System.Collections, Version=4.1.1.0, Culture=neutral, PublicKeyToken=b03f5f7f11d50a3a","","1562629565","CAU0AAAAVgBTAF8AVgBFAFIAUwBJAE8ATgBfAEkATgBGAE8AAAAAAL0E7/4AAAEABgAEAAEABW0AAAAAAAAAAD8AAAAAAAAABAAAAAIAAAAAAAAAAAAAAAAAAABEAAAAAQBWAGEAcgBGAGkAbABlAEkAbgBmAG8AAAAAACQABAAAAFQAcgBhAG4AcwBsAGEAdABpAG8AbgAAAAAAAACwBGgEAAABAFMAdAByAGkAbgBnAEYAaQBsAGUASQBuAGYAbwAAAEQEAAABADAAMAAwADAAMAA0AGIAMAAAAD4AEwABAEMAbwBtAG0AZQBuAHQAcwAAAFMAeQBzAHQAZQBtAC4AQwBvAGwAbABlAGMAdABpAG8AbgBzAAAAAABMABYAAQBDAG8AbQBwAGEAbgB5AE4AYQBtAGUAAAAAAE0AaQBjAHIAbwBzAG8AZgB0ACAAQwBvAHIAcABvAHIAYQB0AGkAbwBuAAAATgATAAEARgBpAGwAZQBEAGUAcwBjAHIAaQBwAHQAaQBvAG4AAAAAAFMAeQBzAHQAZQBtAC4AQwBvAGwAbABlAGMAdABpAG8AbgBzAAAAAAA6AA0AAQBGAGkAbABlAFYAZQByAHMAaQBvAG4AAAAAADQALgA2AC4AMgA3ADkAMAA5AC4AMAAxAAAAAABOABcAAQBJAG4AdABlAHIAbgBhAGwATgBhAG0AZQAAAFMAeQBzAHQAZQBtAC4AQwBvAGwAbABlAGMAdABpAG8AbgBzAC4AZABsAGwAAAAAAIAALgABAEwAZQBnAGEAbABDAG8AcAB5AHIAaQBnAGgAdAAAAKkAIABNAGkAYwByAG8AcwBvAGYAdAAgAEMAbwByAHAAbwByAGEAdABpAG8AbgAuACAAQQBsAGwAIAByAGkAZwBoAHQAcwAgAHIAZQBzAGUAcgB2AGUAZAAuAAAAVgAXAAEATwByAGkAZwBpAG4AYQBsAEYAaQBsAGUAbgBhAG0AZQAAAFMAeQBzAHQAZQBtAC4AQwBvAGwAbABlAGMAdABpAG8AbgBzAC4AZABsAGwAAAAAAFQAGgABAFAAcgBvAGQAdQBjAHQATgBhAG0AZQAAAAAATQBpAGMAcgBvAHMAbwBmAHQArgAgAC4ATgBFAFQAIABGAHIAYQBtAGUAdwBvAHIAawAAAGABngABAFAAcgBvAGQAdQBjAHQAVgBlAHIAcwBpAG8AbgAAADQALgA2AC4AMgA3ADkAMAA5AC4AMAAxACAAQABCAHUAaQBsAHQAQgB5ADoAIABkAGwAYQBiADEANAAtAEQARABWAFMATwBXAEkATgBBAEcARQAwADcAOQAgAEAAQgByAGEAbgBjAGgAOgAgAHIAZQBsAGUAYQBzAGUALwB1AHcAcAA2AC4AMgAgAEAAUwByAGMAQwBvAGQAZQA6ACAAaAB0AHQAcABzADoALwAvAGcAaQB0AGgAdQBiAC4AYwBvAG0ALwBkAG8AdABuAGUAdAAvAGMAbwByAGUAZgB4AC8AdAByAGUAZQAvADQAYQA2ADkANQA4ADEAZgBjAGIANgAzAGIAYQBlADAAZgA3AGMAMwBjADQANQBkADgANwA2AGYANgA0ADQAMwBlADEANgAwAGEAMQA3ADQAAAA4AAgAAQBBAHMAcwBlAG0AYgBsAHkAIABWAGUAcgBzAGkAbwBuAAAANAAuADEALgAxAC4AMAAAAA==","PDBNotPresent","","v4.0.30319"
"System.Collections.Concurrent, Version=4.0.14.0, Culture=neutral, PublicKeyToken=b03f5f7f11d50a3a","","1562629578","WgU0AAAAVgBTAF8AVgBFAFIAUwBJAE8ATgBfAEkATgBGAE8AAAAAAL0E7/4AAAEABgAEAAEABW0AAAAAAAAAAD8AAAAAAAAABAAAAAIAAAAAAAAAAAAAAAAAAABEAAAAAQBWAGEAcgBGAGkAbABlAEkAbgBmAG8AAAAAACQABAAAAFQAcgBhAG4AcwBsAGEAdABpAG8AbgAAAAAAAACwBLoEAAABAFMAdAByAGkAbgBnAEYAaQBsAGUASQBuAGYAbwAAAJYEAAABADAAMAAwADAAMAA0AGIAMAAAAFQAHgABAEMAbwBtAG0AZQBuAHQAcwAAAFMAeQBzAHQAZQBtAC4AQwBvAGwAbABlAGMAdABpAG8AbgBzAC4AQwBvAG4AYwB1AHIAcgBlAG4AdAAAAEwAFgABAEMAbwBtAHAAYQBuAHkATgBhAG0AZQAAAAAATQBpAGMAcgBvAHMAbwBmAHQAIABDAG8AcgBwAG8AcgBhAHQAaQBvAG4AAABkAB4AAQBGAGkAbABlAEQAZQBzAGMAcgBpAHAAdABpAG8AbgAAAAAAUwB5AHMAdABlAG0ALgBDAG8AbABsAGUAYwB0AGkAbwBuAHMALgBDAG8AbgBjAHUAcgByAGUAbgB0AAAAOgANAAEARgBpAGwAZQBWAGUAcgBzAGkAbwBuAAAAAAA0AC4ANgAuADIANwA5ADAAOQAuADAAMQAAAAAAZAAiAAEASQBuAHQAZQByAG4AYQBsAE4AYQBtAGUAAABTAHkAcwB0AGUAbQAuAEMAbwBsAGwAZQBjAHQAaQBvAG4AcwAuAEMAbwBuAGMAdQByAHIAZQBuAHQALgBkAGwAbAAAAIAALgABAEwAZQBnAGEAbABDAG8AcAB5AHIAaQBnAGgAdAAAAKkAIABNAGkAYwByAG8AcwBvAGYAdAAgAEMAbwByAHAAbwByAGEAdABpAG8AbgAuACAAQQBsAGwAIAByAGkAZwBoAHQAcwAgAHIAZQBzAGUAcgB2AGUAZAAuAAAAbAAiAAEATwByAGkAZwBpAG4AYQBsAEYAaQBsAGUAbgBhAG0AZQAAAFMAeQBzAHQAZQBtAC4AQwBvAGwAbABlAGMAdABpAG8AbgBzAC4AQwBvAG4AYwB1AHIAcgBlAG4AdAAuAGQAbABsAAAAVAAaAAEAUAByAG8AZAB1AGMAdABOAGEAbQBlAAAAAABNAGkAYwByAG8AcwBvAGYAdACuACAALgBOAEUAVAAgAEYAcgBhAG0AZQB3AG8AcgBrAAAAYAGeAAEAUAByAG8AZAB1AGMAdABWAGUAcgBzAGkAbwBuAAAANAAuADYALgAyADcAOQAwADkALgAwADEAIABAAEIAdQBpAGwAdABCAHkAOgAgAGQAbABhAGIAMQA0AC0ARABEAFYAUwBPAFcASQBOAEEARwBFADAANwA5ACAAQABCAHIAYQBuAGMAaAA6ACAAcgBlAGwAZQBhAHMAZQAvAHUAdwBwADYALgAyACAAQABTAHIAYwBDAG8AZABlADoAIABoAHQAdABwAHMAOgAvAC8AZwBpAHQAaAB1AGIALgBjAG8AbQAvAGQAbwB0AG4AZQB0AC8AYwBvAHIAZQBmAHgALwB0AHIAZQBlAC8ANABhADYAOQA1ADgAMQBmAGMAYgA2ADMAYgBhAGUAMABmADcAYwAzAGMANAA1AGQAOAA3ADYAZgA2ADQANAAzAGUAMQA2ADAAYQAxADcANAAAADoACQABAEEAcwBzAGUAbQBiAGwAeQAgAFYAZQByAHMAaQBvAG4AAAA0AC4AMAAuADEANAAuADAAAAA=","PDBNotPresent","","v4.0.30319"
"System.Diagnostics.Tracing, Version=4.2.1.0, Culture=neutral, PublicKeyToken=b03f5f7f11d50a3a","","1562629550","SAU0AAAAVgBTAF8AVgBFAFIAUwBJAE8ATgBfAEkATgBGAE8AAAAAAL0E7/4AAAEABgAEAAEABW0AAAAAAAAAAD8AAAAAAAAABAAAAAIAAAAAAAAAAAAAAAAAAABEAAAAAQBWAGEAcgBGAGkAbABlAEkAbgBmAG8AAAAAACQABAAAAFQAcgBhAG4AcwBsAGEAdABpAG8AbgAAAAAAAACwBKgEAAABAFMAdAByAGkAbgBnAEYAaQBsAGUASQBuAGYAbwAAAIQEAAABADAAMAAwADAAMAA0AGIAMAAAAE4AGwABAEMAbwBtAG0AZQBuAHQAcwAAAFMAeQBzAHQAZQBtAC4ARABpAGEAZwBuAG8AcwB0AGkAYwBzAC4AVAByAGEAYwBpAG4AZwAAAAAATAAWAAEAQwBvAG0AcABhAG4AeQBOAGEAbQBlAAAAAABNAGkAYwByAG8AcwBvAGYAdAAgAEMAbwByAHAAbwByAGEAdABpAG8AbgAAAF4AGwABAEYAaQBsAGUARABlAHMAYwByAGkAcAB0AGkAbwBuAAAAAABTAHkAcwB0AGUAbQAuAEQAaQBhAGcAbgBvAHMAdABpAGMAcwAuAFQAcgBhAGMAaQBuAGcAAAAAADoADQABAEYAaQBsAGUAVgBlAHIAcwBpAG8AbgAAAAAANAAuADYALgAyADcAOQAwADkALgAwADEAAAAAAF4AHwABAEkAbgB0AGUAcgBuAGEAbABOAGEAbQBlAAAAUwB5AHMAdABlAG0ALgBEAGkAYQBnAG4AbwBzAHQAaQBjAHMALgBUAHIAYQBjAGkAbgBnAC4AZABsAGwAAAAAAIAALgABAEwAZQBnAGEAbABDAG8AcAB5AHIAaQBnAGgAdAAAAKkAIABNAGkAYwByAG8AcwBvAGYAdAAgAEMAbwByAHAAbwByAGEAdABpAG8AbgAuACAAQQBsAGwAIAByAGkAZwBoAHQAcwAgAHIAZQBzAGUAcgB2AGUAZAAuAAAAZgAfAAEATwByAGkAZwBpAG4AYQBsAEYAaQBsAGUAbgBhAG0AZQAAAFMAeQBzAHQAZQBtAC4ARABpAGEAZwBuAG8AcwB0AGkAYwBzAC4AVAByAGEAYwBpAG4AZwAuAGQAbABsAAAAAABUABoAAQBQAHIAbwBkAHUAYwB0AE4AYQBtAGUAAAAAAE0AaQBjAHIAbwBzAG8AZgB0AK4AIAAuAE4ARQBUACAARgByAGEAbQBlAHcAbwByAGsAAABgAZ4AAQBQAHIAbwBkAHUAYwB0AFYAZQByAHMAaQBvAG4AAAA0AC4ANgAuADIANwA5ADAAOQAuADAAMQAgAEAAQgB1AGkAbAB0AEIAeQA6ACAAZABsAGEAYgAxADQALQBEAEQAVgBTAE8AVwBJAE4AQQBHAEUAMAA3ADkAIABAAEIAcgBhAG4AYwBoADoAIAByAGUAbABlAGEAcwBlAC8AdQB3AHAANgAuADIAIABAAFMAcgBjAEMAbwBkAGUAOgAgAGgAdAB0AHAAcwA6AC8ALwBnAGkAdABoAHUAYgAuAGMAbwBtAC8AZABvAHQAbgBlAHQALwBjAG8AcgBlAGYAeAAvAHQAcgBlAGUALwA0AGEANgA5ADUAOAAxAGYAYwBiADYAMwBiAGEAZQAwAGYANwBjADMAYwA0ADUAZAA4ADcANgBmADYANAA0ADMAZQAxADYAMABhADEANwA0AAAAOAAIAAEAQQBzAHMAZQBtAGIAbAB5ACAAVgBlAHIAcwBpAG8AbgAAADQALgAyAC4AMQAuADAAAAA=","PDBNotPresent","","v4.0.30319"
"System.Linq, Version=4.2.1.0, Culture=neutral, PublicKeyToken=b03f5f7f11d50a3a","","1562629560","yAQ0AAAAVgBTAF8AVgBFAFIAUwBJAE8ATgBfAEkATgBGAE8AAAAAAL0E7/4AAAEABgAEAAEABW0AAAAAAAAAAD8AAAAAAAAABAAAAAIAAAAAAAAAAAAAAAAAAABEAAAAAQBWAGEAcgBGAGkAbABlAEkAbgBmAG8AAAAAACQABAAAAFQAcgBhAG4AcwBsAGEAdABpAG8AbgAAAAAAAACwBCgEAAABAFMAdAByAGkAbgBnAEYAaQBsAGUASQBuAGYAbwAAAAQEAAABADAAMAAwADAAMAA0AGIAMAAAADAADAABAEMAbwBtAG0AZQBuAHQAcwAAAFMAeQBzAHQAZQBtAC4ATABpAG4AcQAAAEwAFgABAEMAbwBtAHAAYQBuAHkATgBhAG0AZQAAAAAATQBpAGMAcgBvAHMAbwBmAHQAIABDAG8AcgBwAG8AcgBhAHQAaQBvAG4AAABAAAwAAQBGAGkAbABlAEQAZQBzAGMAcgBpAHAAdABpAG8AbgAAAAAAUwB5AHMAdABlAG0ALgBMAGkAbgBxAAAAOgANAAEARgBpAGwAZQBWAGUAcgBzAGkAbwBuAAAAAAA0AC4ANgAuADIANwA5ADAAOQAuADAAMQAAAAAAQAAQAAEASQBuAHQAZQByAG4AYQBsAE4AYQBtAGUAAABTAHkAcwB0AGUAbQAuAEwAaQBuAHEALgBkAGwAbAAAAIAALgABAEwAZQBnAGEAbABDAG8AcAB5AHIAaQBnAGgAdAAAAKkAIABNAGkAYwByAG8AcwBvAGYAdAAgAEMAbwByAHAAbwByAGEAdABpAG8AbgAuACAAQQBsAGwAIAByAGkAZwBoAHQAcwAgAHIAZQBzAGUAcgB2AGUAZAAuAAAASAAQAAEATwByAGkAZwBpAG4AYQBsAEYAaQBsAGUAbgBhAG0AZQAAAFMAeQBzAHQAZQBtAC4ATABpAG4AcQAuAGQAbABsAAAAVAAaAAEAUAByAG8AZAB1AGMAdABOAGEAbQBlAAAAAABNAGkAYwByAG8AcwBvAGYAdACuACAALgBOAEUAVAAgAEYAcgBhAG0AZQB3AG8AcgBrAAAAYAGeAAEAUAByAG8AZAB1AGMAdABWAGUAcgBzAGkAbwBuAAAANAAuADYALgAyADcAOQAwADkALgAwADEAIABAAEIAdQBpAGwAdABCAHkAOgAgAGQAbABhAGIAMQA0AC0ARABEAFYAUwBPAFcASQBOAEEARwBFADAANwA5ACAAQABCAHIAYQBuAGMAaAA6ACAAcgBlAGwAZQBhAHMAZQAvAHUAdwBwADYALgAyACAAQABTAHIAYwBDAG8AZABlADoAIABoAHQAdABwAHMAOgAvAC8AZwBpAHQAaAB1AGIALgBjAG8AbQAvAGQAbwB0AG4AZQB0AC8AYwBvAHIAZQBmAHgALwB0AHIAZQBlAC8ANABhADYAOQA1ADgAMQBmAGMAYgA2ADMAYgBhAGUAMABmADcAYwAzAGMANAA1AGQAOAA3ADYAZgA2ADQANAAzAGUAMQA2ADAAYQAxADcANAAAADgACAABAEEAcwBzAGUAbQBiAGwAeQAgAFYAZQByAHMAaQBvAG4AAAA0AC4AMgAuADEALgAwAAAA","PDBPresent","","v4.0.30319"
"System.Linq.Expressions, Version=4.2.1.0, Culture=neutral, PublicKeyToken=b03f5f7f11d50a3a","","1562629576","KAU0AAAAVgBTAF8AVgBFAFIAUwBJAE8ATgBfAEkATgBGAE8AAAAAAL0E7/4AAAEABgAEAAEABW0AAAAAAAAAAD8AAAAAAAAABAAAAAIAAAAAAAAAAAAAAAAAAABEAAAAAQBWAGEAcgBGAGkAbABlAEkAbgBmAG8AAAAAACQABAAAAFQAcgBhAG4AcwBsAGEAdABpAG8AbgAAAAAAAACwBIgEAAABAFMAdAByAGkAbgBnAEYAaQBsAGUASQBuAGYAbwAAAGQEAAABADAAMAAwADAAMAA0AGIAMAAAAEgAGAABAEMAbwBtAG0AZQBuAHQAcwAAAFMAeQBzAHQAZQBtAC4ATABpAG4AcQAuAEUAeABwAHIAZQBzAHMAaQBvAG4AcwAAAEwAFgABAEMAbwBtAHAAYQBuAHkATgBhAG0AZQAAAAAATQBpAGMAcgBvAHMAbwBmAHQAIABDAG8AcgBwAG8AcgBhAHQAaQBvAG4AAABYABgAAQBGAGkAbABlAEQAZQBzAGMAcgBpAHAAdABpAG8AbgAAAAAAUwB5AHMAdABlAG0ALgBMAGkAbgBxAC4ARQB4AHAAcgBlAHMAcwBpAG8AbgBzAAAAOgANAAEARgBpAGwAZQBWAGUAcgBzAGkAbwBuAAAAAAA0AC4ANgAuADIANwA5ADAAOQAuADAAMQAAAAAAWAAcAAEASQBuAHQAZQByAG4AYQBsAE4AYQBtAGUAAABTAHkAcwB0AGUAbQAuAEwAaQBuAHEALgBFAHgAcAByAGUAcwBzAGkAbwBuAHMALgBkAGwAbAAAAIAALgABAEwAZQBnAGEAbABDAG8AcAB5AHIAaQBnAGgAdAAAAKkAIABNAGkAYwByAG8AcwBvAGYAdAAgAEMAbwByAHAAbwByAGEAdABpAG8AbgAuACAAQQBsAGwAIAByAGkAZwBoAHQAcwAgAHIAZQBzAGUAcgB2AGUAZAAuAAAAYAAcAAEATwByAGkAZwBpAG4AYQBsAEYAaQBsAGUAbgBhAG0AZQAAAFMAeQBzAHQAZQBtAC4ATABpAG4AcQAuAEUAeABwAHIAZQBzAHMAaQBvAG4AcwAuAGQAbABsAAAAVAAaAAEAUAByAG8AZAB1AGMAdABOAGEAbQBlAAAAAABNAGkAYwByAG8AcwBvAGYAdACuACAALgBOAEUAVAAgAEYAcgBhAG0AZQB3AG8AcgBrAAAAYAGeAAEAUAByAG8AZAB1AGMAdABWAGUAcgBzAGkAbwBuAAAANAAuADYALgAyADcAOQAwADkALgAwADEAIABAAEIAdQBpAGwAdABCAHkAOgAgAGQAbABhAGIAMQA0AC0ARABEAFYAUwBPAFcASQBOAEEARwBFADAANwA5ACAAQABCAHIAYQBuAGMAaAA6ACAAcgBlAGwAZQBhAHMAZQAvAHUAdwBwADYALgAyACAAQABTAHIAYwBDAG8AZABlADoAIABoAHQAdABwAHMAOgAvAC8AZwBpAHQAaAB1AGIALgBjAG8AbQAvAGQAbwB0AG4AZQB0AC8AYwBvAHIAZQBmAHgALwB0AHIAZQBlAC8ANABhADYAOQA1ADgAMQBmAGMAYgA2ADMAYgBhAGUAMABmADcAYwAzAGMANAA1AGQAOAA3ADYAZgA2ADQANAAzAGUAMQA2ADAAYQAxADcANAAAADgACAABAEEAcwBzAGUAbQBiAGwAeQAgAFYAZQByAHMAaQBvAG4AAAA0AC4AMgAuADEALgAwAAAA","PDBPresent","","v4.0.30319"
"System.Memory, Version=4.1.0.0, Culture=neutral, PublicKeyToken=cc7b13ffcd2ddd51","","1562629639","2AQ0AAAAVgBTAF8AVgBFAFIAUwBJAE8ATgBfAEkATgBGAE8AAAAAAL0E7/4AAAEABgAEAAEABW0AAAAAAAAAAD8AAAAAAAAABAAAAAIAAAAAAAAAAAAAAAAAAABEAAAAAQBWAGEAcgBGAGkAbABlAEkAbgBmAG8AAAAAACQABAAAAFQAcgBhAG4AcwBsAGEAdABpAG8AbgAAAAAAAACwBDgEAAABAFMAdAByAGkAbgBnAEYAaQBsAGUASQBuAGYAbwAAABQEAAABADAAMAAwADAAMAA0AGIAMAAAADQADgABAEMAbwBtAG0AZQBuAHQAcwAAAFMAeQBzAHQAZQBtAC4ATQBlAG0AbwByAHkAAABMABYAAQBDAG8AbQBwAGEAbgB5AE4AYQBtAGUAAAAAAE0AaQBjAHIAbwBzAG8AZgB0ACAAQwBvAHIAcABvAHIAYQB0AGkAbwBuAAAARAAOAAEARgBpAGwAZQBEAGUAcwBjAHIAaQBwAHQAaQBvAG4AAAAAAFMAeQBzAHQAZQBtAC4ATQBlAG0AbwByAHkAAAA6AA0AAQBGAGkAbABlAFYAZQByAHMAaQBvAG4AAAAAADQALgA2AC4AMgA3ADkAMAA5AC4AMAAxAAAAAABEABIAAQBJAG4AdABlAHIAbgBhAGwATgBhAG0AZQAAAFMAeQBzAHQAZQBtAC4ATQBlAG0AbwByAHkALgBkAGwAbAAAAIAALgABAEwAZQBnAGEAbABDAG8AcAB5AHIAaQBnAGgAdAAAAKkAIABNAGkAYwByAG8AcwBvAGYAdAAgAEMAbwByAHAAbwByAGEAdABpAG8AbgAuACAAQQBsAGwAIAByAGkAZwBoAHQAcwAgAHIAZQBzAGUAcgB2AGUAZAAuAAAATAASAAEATwByAGkAZwBpAG4AYQBsAEYAaQBsAGUAbgBhAG0AZQAAAFMAeQBzAHQAZQBtAC4ATQBlAG0AbwByAHkALgBkAGwAbAAAAFQAGgABAFAAcgBvAGQAdQBjAHQATgBhAG0AZQAAAAAATQBpAGMAcgBvAHMAbwBmAHQArgAgAC4ATgBFAFQAIABGAHIAYQBtAGUAdwBvAHIAawAAAGABngABAFAAcgBvAGQAdQBjAHQAVgBlAHIAcwBpAG8AbgAAADQALgA2AC4AMgA3ADkAMAA5AC4AMAAxACAAQABCAHUAaQBsAHQAQgB5ADoAIABkAGwAYQBiADEANAAtAEQARABWAFMATwBXAEkATgBBAEcARQAwADcAOQAgAEAAQgByAGEAbgBjAGgAOgAgAHIAZQBsAGUAYQBzAGUALwB1AHcAcAA2AC4AMgAgAEAAUwByAGMAQwBvAGQAZQA6ACAAaAB0AHQAcABzADoALwAvAGcAaQB0AGgAdQBiAC4AYwBvAG0ALwBkAG8AdABuAGUAdAAvAGMAbwByAGUAZgB4AC8AdAByAGUAZQAvADQAYQA2ADkANQA4ADEAZgBjAGIANgAzAGIAYQBlADAAZgA3AGMAMwBjADQANQBkADgANwA2AGYANgA0ADQAMwBlADEANgAwAGEAMQA3ADQAAAA4AAgAAQBBAHMAcwBlAG0AYgBsAHkAIABWAGUAcgBzAGkAbwBuAAAANAAuADEALgAwAC4AMAAAAA==","PDBNotPresent","","v4.0.30319"
"System.Private.Interop, Version=999.999.999.999, Culture=neutral, PublicKeyToken=b03f5f7f11d50a3a","","1562887198","cAQ0AAAAVgBTAF8AVgBFAFIAUwBJAE8ATgBfAEkATgBGAE8AAAAAAL0E7/4AAAEABgAEAAAAB20AAAAAAAAAAD8AAAAAAAAABAAAAAIAAAAAAAAAAAAAAAAAAABEAAAAAQBWAGEAcgBGAGkAbABlAEkAbgBmAG8AAAAAACQABAAAAFQAcgBhAG4AcwBsAGEAdABpAG8AbgAAAAAAAACwBNADAAABAFMAdAByAGkAbgBnAEYAaQBsAGUASQBuAGYAbwAAAKwDAAABADAAMAAwADAAMAA0AGIAMAAAAEYAFwABAEMAbwBtAG0AZQBuAHQAcwAAAFMAeQBzAHQAZQBtAC4AUAByAGkAdgBhAHQAZQAuAEkAbgB0AGUAcgBvAHAAAAAAAEwAFgABAEMAbwBtAHAAYQBuAHkATgBhAG0AZQAAAAAATQBpAGMAcgBvAHMAbwBmAHQAIABDAG8AcgBwAG8AcgBhAHQAaQBvAG4AAABWABcAAQBGAGkAbABlAEQAZQBzAGMAcgBpAHAAdABpAG8AbgAAAAAAUwB5AHMAdABlAG0ALgBQAHIAaQB2AGEAdABlAC4ASQBuAHQAZQByAG8AcAAAAAAAOAAMAAEARgBpAGwAZQBWAGUAcgBzAGkAbwBuAAAAAAA0AC4ANgAuADIANwA5ADEAMQAuADAAAABWABsAAQBJAG4AdABlAHIAbgBhAGwATgBhAG0AZQAAAFMAeQBzAHQAZQBtAC4AUAByAGkAdgBhAHQAZQAuAEkAbgB0AGUAcgBvAHAALgBkAGwAbAAAAAAAggAvAAEATABlAGcAYQBsAEMAbwBwAHkAcgBpAGcAaAB0AAAAqQAgAE0AaQBjAHIAbwBzAG8AZgB0ACAAQwBvAHIAcABvAHIAYQB0AGkAbwBuAC4AIAAgAEEAbABsACAAcgBpAGcAaAB0AHMAIAByAGUAcwBlAHIAdgBlAGQALgAAAAAAXgAbAAEATwByAGkAZwBpAG4AYQBsAEYAaQBsAGUAbgBhAG0AZQAAAFMAeQBzAHQAZQBtAC4AUAByAGkAdgBhAHQAZQAuAEkAbgB0AGUAcgBvAHAALgBkAGwAbAAAAAAAVAAaAAEAUAByAG8AZAB1AGMAdABOAGEAbQBlAAAAAABNAGkAYwByAG8AcwBvAGYAdACuACAALgBOAEUAVAAgAEYAcgBhAG0AZQB3AG8AcgBrAAAAlgA5AAEAUAByAG8AZAB1AGMAdABWAGUAcgBzAGkAbwBuAAAANAAuADYALgAyADcAOQAxADEALgAwACAAYgB1AGkAbAB0ACAAYgB5ADoAIABkAGwAYQBiADEANAAtAEQARABCAEwARAAzADQANABBAC4AIABDAG8AbQBtAGkAdAAgAEgAYQBzAGgAOgAgAE4ALwBBAAAAAABIABAAAQBBAHMAcwBlAG0AYgBsAHkAIABWAGUAcgBzAGkAbwBuAAAAOQA5ADkALgA5ADkAOQAuADkAOQA5AC4AOQA5ADkAAAA=","PDBPresent","","v4.0.30319"
"System.Private.Reflection.Core, Version=4.0.0.0, Culture=neutral, PublicKeyToken=b03f5f7f11d50a3a","","1562887201","pAQ0AAAAVgBTAF8AVgBFAFIAUwBJAE8ATgBfAEkATgBGAE8AAAAAAL0E7/4AAAEABgAEAAAACG0AAAAAAAAAAD8AAAAAAAAABAAAAAIAAAAAAAAAAAAAAAAAAABEAAAAAQBWAGEAcgBGAGkAbABlAEkAbgBmAG8AAAAAACQABAAAAFQAcgBhAG4AcwBsAGEAdABpAG8AbgAAAAAAAACwBAQEAAABAFMAdAByAGkAbgBnAEYAaQBsAGUASQBuAGYAbwAAAOADAAABADAAMAAwADAAMAA0AGIAMAAAAFYAHwABAEMAbwBtAG0AZQBuAHQAcwAAAFMAeQBzAHQAZQBtAC4AUAByAGkAdgBhAHQAZQAuAFIAZQBmAGwAZQBjAHQAaQBvAG4ALgBDAG8AcgBlAAAAAABMABYAAQBDAG8AbQBwAGEAbgB5AE4AYQBtAGUAAAAAAE0AaQBjAHIAbwBzAG8AZgB0ACAAQwBvAHIAcABvAHIAYQB0AGkAbwBuAAAAZgAfAAEARgBpAGwAZQBEAGUAcwBjAHIAaQBwAHQAaQBvAG4AAAAAAFMAeQBzAHQAZQBtAC4AUAByAGkAdgBhAHQAZQAuAFIAZQBmAGwAZQBjAHQAaQBvAG4ALgBDAG8AcgBlAAAAAAA6AA0AAQBGAGkAbABlAFYAZQByAHMAaQBvAG4AAAAAADQALgA2AC4AMgA3ADkAMQAyAC4AMAAwAAAAAABmACMAAQBJAG4AdABlAHIAbgBhAGwATgBhAG0AZQAAAFMAeQBzAHQAZQBtAC4AUAByAGkAdgBhAHQAZQAuAFIAZQBmAGwAZQBjAHQAaQBvAG4ALgBDAG8AcgBlAC4AZABsAGwAAAAAAIIALwABAEwAZQBnAGEAbABDAG8AcAB5AHIAaQBnAGgAdAAAAKkAIABNAGkAYwByAG8AcwBvAGYAdAAgAEMAbwByAHAAbwByAGEAdABpAG8AbgAuACAAIABBAGwAbAAgAHIAaQBnAGgAdABzACAAcgBlAHMAZQByAHYAZQBkAC4AAAAAAG4AIwABAE8AcgBpAGcAaQBuAGEAbABGAGkAbABlAG4AYQBtAGUAAABTAHkAcwB0AGUAbQAuAFAAcgBpAHYAYQB0AGUALgBSAGUAZgBsAGUAYwB0AGkAbwBuAC4AQwBvAHIAZQAuAGQAbABsAAAAAABUABoAAQBQAHIAbwBkAHUAYwB0AE4AYQBtAGUAAAAAAE0AaQBjAHIAbwBzAG8AZgB0AK4AIAAuAE4ARQBUACAARgByAGEAbQBlAHcAbwByAGsAAACYADoAAQBQAHIAbwBkAHUAYwB0AFYAZQByAHMAaQBvAG4AAAA0AC4ANgAuADIANwA5ADEAMgAuADAAMAAgAGIAdQBpAGwAdAAgAGIAeQA6ACAAZABsAGEAYgAxADQALQBEAEQAQgBMAEQAMwA0ADQAQQAuACAAQwBvAG0AbQBpAHQAIABIAGEAcwBoADoAIABOAC8AQQAAADgACAABAEEAcwBzAGUAbQBiAGwAeQAgAFYAZQByAHMAaQBvAG4AAAA0AC4AMAAuADAALgAwAAAA","PDBPresent","","v4.0.30319"
"System.Private.Reflection.Metadata, Version=4.0.0.0, Culture=neutral, PublicKeyToken=b03f5f7f11d50a3a","","1562887188","xAQ0AAAAVgBTAF8AVgBFAFIAUwBJAE8ATgBfAEkATgBGAE8AAAAAAL0E7/4AAAEABgAEAAAACG0AAAAAAAAAAD8AAAAAAAAABAAAAAIAAAAAAAAAAAAAAAAAAABEAAAAAQBWAGEAcgBGAGkAbABlAEkAbgBmAG8AAAAAACQABAAAAFQAcgBhAG4AcwBsAGEAdABpAG8AbgAAAAAAAACwBCQEAAABAFMAdAByAGkAbgBnAEYAaQBsAGUASQBuAGYAbwAAAAAEAAABADAAMAAwADAAMAA0AGIAMAAAAF4AIwABAEMAbwBtAG0AZQBuAHQAcwAAAFMAeQBzAHQAZQBtAC4AUAByAGkAdgBhAHQAZQAuAFIAZQBmAGwAZQBjAHQAaQBvAG4ALgBNAGUAdABhAGQAYQB0AGEAAAAAAEwAFgABAEMAbwBtAHAAYQBuAHkATgBhAG0AZQAAAAAATQBpAGMAcgBvAHMAbwBmAHQAIABDAG8AcgBwAG8AcgBhAHQAaQBvAG4AAABuACMAAQBGAGkAbABlAEQAZQBzAGMAcgBpAHAAdABpAG8AbgAAAAAAUwB5AHMAdABlAG0ALgBQAHIAaQB2AGEAdABlAC4AUgBlAGYAbABlAGMAdABpAG8AbgAuAE0AZQB0AGEAZABhAHQAYQAAAAAAOgANAAEARgBpAGwAZQBWAGUAcgBzAGkAbwBuAAAAAAA0AC4ANgAuADIANwA5ADEAMgAuADAAMAAAAAAAbgAnAAEASQBuAHQAZQByAG4AYQBsAE4AYQBtAGUAAABTAHkAcwB0AGUAbQAuAFAAcgBpAHYAYQB0AGUALgBSAGUAZgBsAGUAYwB0AGkAbwBuAC4ATQBlAHQAYQBkAGEAdABhAC4AZABsAGwAAAAAAIIALwABAEwAZQBnAGEAbABDAG8AcAB5AHIAaQBnAGgAdAAAAKkAIABNAGkAYwByAG8AcwBvAGYAdAAgAEMAbwByAHAAbwByAGEAdABpAG8AbgAuACAAIABBAGwAbAAgAHIAaQBnAGgAdABzACAAcgBlAHMAZQByAHYAZQBkAC4AAAAAAHYAJwABAE8AcgBpAGcAaQBuAGEAbABGAGkAbABlAG4AYQBtAGUAAABTAHkAcwB0AGUAbQAuAFAAcgBpAHYAYQB0AGUALgBSAGUAZgBsAGUAYwB0AGkAbwBuAC4ATQBlAHQAYQBkAGEAdABhAC4AZABsAGwAAAAAAFQAGgABAFAAcgBvAGQAdQBjAHQATgBhAG0AZQAAAAAATQBpAGMAcgBvAHMAbwBmAHQArgAgAC4ATgBFAFQAIABGAHIAYQBtAGUAdwBvAHIAawAAAJgAOgABAFAAcgBvAGQAdQBjAHQAVgBlAHIAcwBpAG8AbgAAADQALgA2AC4AMgA3ADkAMQAyAC4AMAAwACAAYgB1AGkAbAB0ACAAYgB5ADoAIABkAGwAYQBiADEANAAtAEQARABCAEwARAAzADQANABBAC4AIABDAG8AbQBtAGkAdAAgAEgAYQBzAGgAOgAgAE4ALwBBAAAAOAAIAAEAQQBzAHMAZQBtAGIAbAB5ACAAVgBlAHIAcwBpAG8AbgAAADQALgAwAC4AMAAuADAAAAA=","PDBPresent","","v4.0.30319"
"System.Private.Threading, Version=4.0.0.0, Culture=neutral, PublicKeyToken=b03f5f7f11d50a3a","","1562887189","dAQ0AAAAVgBTAF8AVgBFAFIAUwBJAE8ATgBfAEkATgBGAE8AAAAAAL0E7/4AAAEABgAEAAAACG0AAAAAAAAAAD8AAAAAAAAABAAAAAIAAAAAAAAAAAAAAAAAAABEAAAAAQBWAGEAcgBGAGkAbABlAEkAbgBmAG8AAAAAACQABAAAAFQAcgBhAG4AcwBsAGEAdABpAG8AbgAAAAAAAACwBNQDAAABAFMAdAByAGkAbgBnAEYAaQBsAGUASQBuAGYAbwAAALADAAABADAAMAAwADAAMAA0AGIAMAAAAEoAGQABAEMAbwBtAG0AZQBuAHQAcwAAAFMAeQBzAHQAZQBtAC4AUAByAGkAdgBhAHQAZQAuAFQAaAByAGUAYQBkAGkAbgBnAAAAAABMABYAAQBDAG8AbQBwAGEAbgB5AE4AYQBtAGUAAAAAAE0AaQBjAHIAbwBzAG8AZgB0ACAAQwBvAHIAcABvAHIAYQB0AGkAbwBuAAAAWgAZAAEARgBpAGwAZQBEAGUAcwBjAHIAaQBwAHQAaQBvAG4AAAAAAFMAeQBzAHQAZQBtAC4AUAByAGkAdgBhAHQAZQAuAFQAaAByAGUAYQBkAGkAbgBnAAAAAAA6AA0AAQBGAGkAbABlAFYAZQByAHMAaQBvAG4AAAAAADQALgA2AC4AMgA3ADkAMQAyAC4AMAAwAAAAAABaAB0AAQBJAG4AdABlAHIAbgBhAGwATgBhAG0AZQAAAFMAeQBzAHQAZQBtAC4AUAByAGkAdgBhAHQAZQAuAFQAaAByAGUAYQBkAGkAbgBnAC4AZABsAGwAAAAAAIIALwABAEwAZQBnAGEAbABDAG8AcAB5AHIAaQBnAGgAdAAAAKkAIABNAGkAYwByAG8AcwBvAGYAdAAgAEMAbwByAHAAbwByAGEAdABpAG8AbgAuACAAIABBAGwAbAAgAHIAaQBnAGgAdABzACAAcgBlAHMAZQByAHYAZQBkAC4AAAAAAGIAHQABAE8AcgBpAGcAaQBuAGEAbABGAGkAbABlAG4AYQBtAGUAAABTAHkAcwB0AGUAbQAuAFAAcgBpAHYAYQB0AGUALgBUAGgAcgBlAGEAZABpAG4AZwAuAGQAbABsAAAAAABUABoAAQBQAHIAbwBkAHUAYwB0AE4AYQBtAGUAAAAAAE0AaQBjAHIAbwBzAG8AZgB0AK4AIAAuAE4ARQBUACAARgByAGEAbQBlAHcAbwByAGsAAACYADoAAQBQAHIAbwBkAHUAYwB0AFYAZQByAHMAaQBvAG4AAAA0AC4ANgAuADIANwA5ADEAMgAuADAAMAAgAGIAdQBpAGwAdAAgAGIAeQA6ACAAZABsAGEAYgAxADQALQBEAEQAQgBMAEQAMwA0ADQAQQAuACAAQwBvAG0AbQBpAHQAIABIAGEAcwBoADoAIABOAC8AQQAAADgACAABAEEAcwBzAGUAbQBiAGwAeQAgAFYAZQByAHMAaQBvAG4AAAA0AC4AMAAuADAALgAwAAAA","PDBPresent","","v4.0.30319"
"System.Private.TypeLoader, Version=4.0.0.0, Culture=neutral, PublicKeyToken=b03f5f7f11d50a3a","","1562887195","dAQ0AAAAVgBTAF8AVgBFAFIAUwBJAE8ATgBfAEkATgBGAE8AAAAAAL0E7/4AAAEABgAEAAAACG0AAAAAAAAAAD8AAAAAAAAABAAAAAIAAAAAAAAAAAAAAAAAAABEAAAAAQBWAGEAcgBGAGkAbABlAEkAbgBmAG8AAAAAACQABAAAAFQAcgBhAG4AcwBsAGEAdABpAG8AbgAAAAAAAACwBNQDAAABAFMAdAByAGkAbgBnAEYAaQBsAGUASQBuAGYAbwAAALADAAABADAAMAAwADAAMAA0AGIAMAAAAEwAGgABAEMAbwBtAG0AZQBuAHQAcwAAAFMAeQBzAHQAZQBtAC4AUAByAGkAdgBhAHQAZQAuAFQAeQBwAGUATABvAGEAZABlAHIAAABMABYAAQBDAG8AbQBwAGEAbgB5AE4AYQBtAGUAAAAAAE0AaQBjAHIAbwBzAG8AZgB0ACAAQwBvAHIAcABvAHIAYQB0AGkAbwBuAAAAXAAaAAEARgBpAGwAZQBEAGUAcwBjAHIAaQBwAHQAaQBvAG4AAAAAAFMAeQBzAHQAZQBtAC4AUAByAGkAdgBhAHQAZQAuAFQAeQBwAGUATABvAGEAZABlAHIAAAA6AA0AAQBGAGkAbABlAFYAZQByAHMAaQBvAG4AAAAAADQALgA2AC4AMgA3ADkAMQAyAC4AMAAwAAAAAABcAB4AAQBJAG4AdABlAHIAbgBhAGwATgBhAG0AZQAAAFMAeQBzAHQAZQBtAC4AUAByAGkAdgBhAHQAZQAuAFQAeQBwAGUATABvAGEAZABlAHIALgBkAGwAbAAAAIIALwABAEwAZQBnAGEAbABDAG8AcAB5AHIAaQBnAGgAdAAAAKkAIABNAGkAYwByAG8AcwBvAGYAdAAgAEMAbwByAHAAbwByAGEAdABpAG8AbgAuACAAIABBAGwAbAAgAHIAaQBnAGgAdABzACAAcgBlAHMAZQByAHYAZQBkAC4AAAAAAGQAHgABAE8AcgBpAGcAaQBuAGEAbABGAGkAbABlAG4AYQBtAGUAAABTAHkAcwB0AGUAbQAuAFAAcgBpAHYAYQB0AGUALgBUAHkAcABlAEwAbwBhAGQAZQByAC4AZABsAGwAAABUABoAAQBQAHIAbwBkAHUAYwB0AE4AYQBtAGUAAAAAAE0AaQBjAHIAbwBzAG8AZgB0AK4AIAAuAE4ARQBUACAARgByAGEAbQBlAHcAbwByAGsAAACYADoAAQBQAHIAbwBkAHUAYwB0AFYAZQByAHMAaQBvAG4AAAA0AC4ANgAuADIANwA5ADEAMgAuADAAMAAgAGIAdQBpAGwAdAAgAGIAeQA6ACAAZABsAGEAYgAxADQALQBEAEQAQgBMAEQAMwA0ADQAQQAuACAAQwBvAG0AbQBpAHQAIABIAGEAcwBoADoAIABOAC8AQQAAADgACAABAEEAcwBzAGUAbQBiAGwAeQAgAFYAZQByAHMAaQBvAG4AAAA0AC4AMAAuADAALgAwAAAA","PDBPresent","","v4.0.30319"
"System.Private.Uri, Version=4.0.5.0, Culture=neutral, PublicKeyToken=b03f5f7f11d50a3a","","1562629554","CAU0AAAAVgBTAF8AVgBFAFIAUwBJAE8ATgBfAEkATgBGAE8AAAAAAL0E7/4AAAEABgAEAAEABW0AAAAAAAAAAD8AAAAAAAAABAAAAAIAAAAAAAAAAAAAAAAAAABEAAAAAQBWAGEAcgBGAGkAbABlAEkAbgBmAG8AAAAAACQABAAAAFQAcgBhAG4AcwBsAGEAdABpAG8AbgAAAAAAAACwBGgEAAABAFMAdAByAGkAbgBnAEYAaQBsAGUASQBuAGYAbwAAAEQEAAABADAAMAAwADAAMAA0AGIAMAAAAD4AEwABAEMAbwBtAG0AZQBuAHQAcwAAAFMAeQBzAHQAZQBtAC4AUAByAGkAdgBhAHQAZQAuAFUAcgBpAAAAAABMABYAAQBDAG8AbQBwAGEAbgB5AE4AYQBtAGUAAAAAAE0AaQBjAHIAbwBzAG8AZgB0ACAAQwBvAHIAcABvAHIAYQB0AGkAbwBuAAAATgATAAEARgBpAGwAZQBEAGUAcwBjAHIAaQBwAHQAaQBvAG4AAAAAAFMAeQBzAHQAZQBtAC4AUAByAGkAdgBhAHQAZQAuAFUAcgBpAAAAAAA6AA0AAQBGAGkAbABlAFYAZQByAHMAaQBvAG4AAAAAADQALgA2AC4AMgA3ADkAMAA5AC4AMAAxAAAAAABOABcAAQBJAG4AdABlAHIAbgBhAGwATgBhAG0AZQAAAFMAeQBzAHQAZQBtAC4AUAByAGkAdgBhAHQAZQAuAFUAcgBpAC4AZABsAGwAAAAAAIAALgABAEwAZQBnAGEAbABDAG8AcAB5AHIAaQBnAGgAdAAAAKkAIABNAGkAYwByAG8AcwBvAGYAdAAgAEMAbwByAHAAbwByAGEAdABpAG8AbgAuACAAQQBsAGwAIAByAGkAZwBoAHQAcwAgAHIAZQBzAGUAcgB2AGUAZAAuAAAAVgAXAAEATwByAGkAZwBpAG4AYQBsAEYAaQBsAGUAbgBhAG0AZQAAAFMAeQBzAHQAZQBtAC4AUAByAGkAdgBhAHQAZQAuAFUAcgBpAC4AZABsAGwAAAAAAFQAGgABAFAAcgBvAGQAdQBjAHQATgBhAG0AZQAAAAAATQBpAGMAcgBvAHMAbwBmAHQArgAgAC4ATgBFAFQAIABGAHIAYQBtAGUAdwBvAHIAawAAAGABngABAFAAcgBvAGQAdQBjAHQAVgBlAHIAcwBpAG8AbgAAADQALgA2AC4AMgA3ADkAMAA5AC4AMAAxACAAQABCAHUAaQBsAHQAQgB5ADoAIABkAGwAYQBiADEANAAtAEQARABWAFMATwBXAEkATgBBAEcARQAwADcAOQAgAEAAQgByAGEAbgBjAGgAOgAgAHIAZQBsAGUAYQBzAGUALwB1AHcAcAA2AC4AMgAgAEAAUwByAGMAQwBvAGQAZQA6ACAAaAB0AHQAcABzADoALwAvAGcAaQB0AGgAdQBiAC4AYwBvAG0ALwBkAG8AdABuAGUAdAAvAGMAbwByAGUAZgB4AC8AdAByAGUAZQAvADQAYQA2ADkANQA4ADEAZgBjAGIANgAzAGIAYQBlADAAZgA3AGMAMwBjADQANQBkADgANwA2AGYANgA0ADQAMwBlADEANgAwAGEAMQA3ADQAAAA4AAgAAQBBAHMAcwBlAG0AYgBsAHkAIABWAGUAcgBzAGkAbwBuAAAANAAuADAALgA1AC4AMAAAAA==","PDBPresent","","v4.0.30319"
"System.Reflection.TypeExtensions, Version=4.1.3.0, Culture=neutral, PublicKeyToken=b03f5f7f11d50a3a","","1562629554","eAU0AAAAVgBTAF8AVgBFAFIAUwBJAE8ATgBfAEkATgBGAE8AAAAAAL0E7/4AAAEABgAEAAEABW0AAAAAAAAAAD8AAAAAAAAABAAAAAIAAAAAAAAAAAAAAAAAAABEAAAAAQBWAGEAcgBGAGkAbABlAEkAbgBmAG8AAAAAACQABAAAAFQAcgBhAG4AcwBsAGEAdABpAG8AbgAAAAAAAACwBNgEAAABAFMAdAByAGkAbgBnAEYAaQBsAGUASQBuAGYAbwAAALQEAAABADAAMAAwADAAMAA0AGIAMAAAAFoAIQABAEMAbwBtAG0AZQBuAHQAcwAAAFMAeQBzAHQAZQBtAC4AUgBlAGYAbABlAGMAdABpAG8AbgAuAFQAeQBwAGUARQB4AHQAZQBuAHMAaQBvAG4AcwAAAAAATAAWAAEAQwBvAG0AcABhAG4AeQBOAGEAbQBlAAAAAABNAGkAYwByAG8AcwBvAGYAdAAgAEMAbwByAHAAbwByAGEAdABpAG8AbgAAAGoAIQABAEYAaQBsAGUARABlAHMAYwByAGkAcAB0AGkAbwBuAAAAAABTAHkAcwB0AGUAbQAuAFIAZQBmAGwAZQBjAHQAaQBvAG4ALgBUAHkAcABlAEUAeAB0AGUAbgBzAGkAbwBuAHMAAAAAADoADQABAEYAaQBsAGUAVgBlAHIAcwBpAG8AbgAAAAAANAAuADYALgAyADcAOQAwADkALgAwADEAAAAAAGoAJQABAEkAbgB0AGUAcgBuAGEAbABOAGEAbQBlAAAAUwB5AHMAdABlAG0ALgBSAGUAZgBsAGUAYwB0AGkAbwBuAC4AVAB5AHAAZQBFAHgAdABlAG4AcwBpAG8AbgBzAC4AZABsAGwAAAAAAIAALgABAEwAZQBnAGEAbABDAG8AcAB5AHIAaQBnAGgAdAAAAKkAIABNAGkAYwByAG8AcwBvAGYAdAAgAEMAbwByAHAAbwByAGEAdABpAG8AbgAuACAAQQBsAGwAIAByAGkAZwBoAHQAcwAgAHIAZQBzAGUAcgB2AGUAZAAuAAAAcgAlAAEATwByAGkAZwBpAG4AYQBsAEYAaQBsAGUAbgBhAG0AZQAAAFMAeQBzAHQAZQBtAC4AUgBlAGYAbABlAGMAdABpAG8AbgAuAFQAeQBwAGUARQB4AHQAZQBuAHMAaQBvAG4AcwAuAGQAbABsAAAAAABUABoAAQBQAHIAbwBkAHUAYwB0AE4AYQBtAGUAAAAAAE0AaQBjAHIAbwBzAG8AZgB0AK4AIAAuAE4ARQBUACAARgByAGEAbQBlAHcAbwByAGsAAABgAZ4AAQBQAHIAbwBkAHUAYwB0AFYAZQByAHMAaQBvAG4AAAA0AC4ANgAuADIANwA5ADAAOQAuADAAMQAgAEAAQgB1AGkAbAB0AEIAeQA6ACAAZABsAGEAYgAxADQALQBEAEQAVgBTAE8AVwBJAE4AQQBHAEUAMAA3ADkAIABAAEIAcgBhAG4AYwBoADoAIAByAGUAbABlAGEAcwBlAC8AdQB3AHAANgAuADIAIABAAFMAcgBjAEMAbwBkAGUAOgAgAGgAdAB0AHAAcwA6AC8ALwBnAGkAdABoAHUAYgAuAGMAbwBtAC8AZABvAHQAbgBlAHQALwBjAG8AcgBlAGYAeAAvAHQAcgBlAGUALwA0AGEANgA5ADUAOAAxAGYAYwBiADYAMwBiAGEAZQAwAGYANwBjADMAYwA0ADUAZAA4ADcANgBmADYANAA0ADMAZQAxADYAMABhADEANwA0AAAAOAAIAAEAQQBzAHMAZQBtAGIAbAB5ACAAVgBlAHIAcwBpAG8AbgAAADQALgAxAC4AMwAuADAAAAA=","PDBNotPresent","","v4.0.30319"
"System.Runtime, Version=4.2.1.0, Culture=neutral, PublicKeyToken=b03f5f7f11d50a3a","","1562629557","6AQ0AAAAVgBTAF8AVgBFAFIAUwBJAE8ATgBfAEkATgBGAE8AAAAAAL0E7/4AAAEABgAEAAEABW0AAAAAAAAAAD8AAAAAAAAABAAAAAIAAAAAAAAAAAAAAAAAAABEAAAAAQBWAGEAcgBGAGkAbABlAEkAbgBmAG8AAAAAACQABAAAAFQAcgBhAG4AcwBsAGEAdABpAG8AbgAAAAAAAACwBEgEAAABAFMAdAByAGkAbgBnAEYAaQBsAGUASQBuAGYAbwAAACQEAAABADAAMAAwADAAMAA0AGIAMAAAADYADwABAEMAbwBtAG0AZQBuAHQAcwAAAFMAeQBzAHQAZQBtAC4AUgB1AG4AdABpAG0AZQAAAAAATAAWAAEAQwBvAG0AcABhAG4AeQBOAGEAbQBlAAAAAABNAGkAYwByAG8AcwBvAGYAdAAgAEMAbwByAHAAbwByAGEAdABpAG8AbgAAAEYADwABAEYAaQBsAGUARABlAHMAYwByAGkAcAB0AGkAbwBuAAAAAABTAHkAcwB0AGUAbQAuAFIAdQBuAHQAaQBtAGUAAAAAADoADQABAEYAaQBsAGUAVgBlAHIAcwBpAG8AbgAAAAAANAAuADYALgAyADcAOQAwADkALgAwADEAAAAAAEYAEwABAEkAbgB0AGUAcgBuAGEAbABOAGEAbQBlAAAAUwB5AHMAdABlAG0ALgBSAHUAbgB0AGkAbQBlAC4AZABsAGwAAAAAAIAALgABAEwAZQBnAGEAbABDAG8AcAB5AHIAaQBnAGgAdAAAAKkAIABNAGkAYwByAG8AcwBvAGYAdAAgAEMAbwByAHAAbwByAGEAdABpAG8AbgAuACAAQQBsAGwAIAByAGkAZwBoAHQAcwAgAHIAZQBzAGUAcgB2AGUAZAAuAAAATgATAAEATwByAGkAZwBpAG4AYQBsAEYAaQBsAGUAbgBhAG0AZQAAAFMAeQBzAHQAZQBtAC4AUgB1AG4AdABpAG0AZQAuAGQAbABsAAAAAABUABoAAQBQAHIAbwBkAHUAYwB0AE4AYQBtAGUAAAAAAE0AaQBjAHIAbwBzAG8AZgB0AK4AIAAuAE4ARQBUACAARgByAGEAbQBlAHcAbwByAGsAAABgAZ4AAQBQAHIAbwBkAHUAYwB0AFYAZQByAHMAaQBvAG4AAAA0AC4ANgAuADIANwA5ADAAOQAuADAAMQAgAEAAQgB1AGkAbAB0AEIAeQA6ACAAZABsAGEAYgAxADQALQBEAEQAVgBTAE8AVwBJAE4AQQBHAEUAMAA3ADkAIABAAEIAcgBhAG4AYwBoADoAIAByAGUAbABlAGEAcwBlAC8AdQB3AHAANgAuADIAIABAAFMAcgBjAEMAbwBkAGUAOgAgAGgAdAB0AHAAcwA6AC8ALwBnAGkAdABoAHUAYgAuAGMAbwBtAC8AZABvAHQAbgBlAHQALwBjAG8AcgBlAGYAeAAvAHQAcgBlAGUALwA0AGEANgA5ADUAOAAxAGYAYwBiADYAMwBiAGEAZQAwAGYANwBjADMAYwA0ADUAZAA4ADcANgBmADYANAA0ADMAZQAxADYAMABhADEANwA0AAAAOAAIAAEAQQBzAHMAZQBtAGIAbAB5ACAAVgBlAHIAcwBpAG8AbgAAADQALgAyAC4AMQAuADAAAAA=","PDBNotPresent","","v4.0.30319"
"System.Runtime.Extensions, Version=4.2.1.0, Culture=neutral, PublicKeyToken=b03f5f7f11d50a3a","","1562629570","OAU0AAAAVgBTAF8AVgBFAFIAUwBJAE8ATgBfAEkATgBGAE8AAAAAAL0E7/4AAAEABgAEAAEABW0AAAAAAAAAAD8AAAAAAAAABAAAAAIAAAAAAAAAAAAAAAAAAABEAAAAAQBWAGEAcgBGAGkAbABlAEkAbgBmAG8AAAAAACQABAAAAFQAcgBhAG4AcwBsAGEAdABpAG8AbgAAAAAAAACwBJgEAAABAFMAdAByAGkAbgBnAEYAaQBsAGUASQBuAGYAbwAAAHQEAAABADAAMAAwADAAMAA0AGIAMAAAAEwAGgABAEMAbwBtAG0AZQBuAHQAcwAAAFMAeQBzAHQAZQBtAC4AUgB1AG4AdABpAG0AZQAuAEUAeAB0AGUAbgBzAGkAbwBuAHMAAABMABYAAQBDAG8AbQBwAGEAbgB5AE4AYQBtAGUAAAAAAE0AaQBjAHIAbwBzAG8AZgB0ACAAQwBvAHIAcABvAHIAYQB0AGkAbwBuAAAAXAAaAAEARgBpAGwAZQBEAGUAcwBjAHIAaQBwAHQAaQBvAG4AAAAAAFMAeQBzAHQAZQBtAC4AUgB1AG4AdABpAG0AZQAuAEUAeAB0AGUAbgBzAGkAbwBuAHMAAAA6AA0AAQBGAGkAbABlAFYAZQByAHMAaQBvAG4AAAAAADQALgA2AC4AMgA3ADkAMAA5AC4AMAAxAAAAAABcAB4AAQBJAG4AdABlAHIAbgBhAGwATgBhAG0AZQAAAFMAeQBzAHQAZQBtAC4AUgB1AG4AdABpAG0AZQAuAEUAeAB0AGUAbgBzAGkAbwBuAHMALgBkAGwAbAAAAIAALgABAEwAZQBnAGEAbABDAG8AcAB5AHIAaQBnAGgAdAAAAKkAIABNAGkAYwByAG8AcwBvAGYAdAAgAEMAbwByAHAAbwByAGEAdABpAG8AbgAuACAAQQBsAGwAIAByAGkAZwBoAHQAcwAgAHIAZQBzAGUAcgB2AGUAZAAuAAAAZAAeAAEATwByAGkAZwBpAG4AYQBsAEYAaQBsAGUAbgBhAG0AZQAAAFMAeQBzAHQAZQBtAC4AUgB1AG4AdABpAG0AZQAuAEUAeAB0AGUAbgBzAGkAbwBuAHMALgBkAGwAbAAAAFQAGgABAFAAcgBvAGQAdQBjAHQATgBhAG0AZQAAAAAATQBpAGMAcgBvAHMAbwBmAHQArgAgAC4ATgBFAFQAIABGAHIAYQBtAGUAdwBvAHIAawAAAGABngABAFAAcgBvAGQAdQBjAHQAVgBlAHIAcwBpAG8AbgAAADQALgA2AC4AMgA3ADkAMAA5AC4AMAAxACAAQABCAHUAaQBsAHQAQgB5ADoAIABkAGwAYQBiADEANAAtAEQARABWAFMATwBXAEkATgBBAEcARQAwADcAOQAgAEAAQgByAGEAbgBjAGgAOgAgAHIAZQBsAGUAYQBzAGUALwB1AHcAcAA2AC4AMgAgAEAAUwByAGMAQwBvAGQAZQA6ACAAaAB0AHQAcABzADoALwAvAGcAaQB0AGgAdQBiAC4AYwBvAG0ALwBkAG8AdABuAGUAdAAvAGMAbwByAGUAZgB4AC8AdAByAGUAZQAvADQAYQA2ADkANQA4ADEAZgBjAGIANgAzAGIAYQBlADAAZgA3AGMAMwBjADQANQBkADgANwA2AGYANgA0ADQAMwBlADEANgAwAGEAMQA3ADQAAAA4AAgAAQBBAHMAcwBlAG0AYgBsAHkAIABWAGUAcgBzAGkAbwBuAAAANAAuADIALgAxAC4AMAAAAA==","PDBNotPresent","","v4.0.30319"
"System.Security.Principal, Version=4.1.1.0, Culture=neutral, PublicKeyToken=b03f5f7f11d50a3a","","1562629557","OAU0AAAAVgBTAF8AVgBFAFIAUwBJAE8ATgBfAEkATgBGAE8AAAAAAL0E7/4AAAEABgAEAAEABW0AAAAAAAAAAD8AAAAAAAAABAAAAAIAAAAAAAAAAAAAAAAAAABEAAAAAQBWAGEAcgBGAGkAbABlAEkAbgBmAG8AAAAAACQABAAAAFQAcgBhAG4AcwBsAGEAdABpAG8AbgAAAAAAAACwBJgEAAABAFMAdAByAGkAbgBnAEYAaQBsAGUASQBuAGYAbwAAAHQEAAABADAAMAAwADAAMAA0AGIAMAAAAEwAGgABAEMAbwBtAG0AZQBuAHQAcwAAAFMAeQBzAHQAZQBtAC4AUwBlAGMAdQByAGkAdAB5AC4AUAByAGkAbgBjAGkAcABhAGwAAABMABYAAQBDAG8AbQBwAGEAbgB5AE4AYQBtAGUAAAAAAE0AaQBjAHIAbwBzAG8AZgB0ACAAQwBvAHIAcABvAHIAYQB0AGkAbwBuAAAAXAAaAAEARgBpAGwAZQBEAGUAcwBjAHIAaQBwAHQAaQBvAG4AAAAAAFMAeQBzAHQAZQBtAC4AUwBlAGMAdQByAGkAdAB5AC4AUAByAGkAbgBjAGkAcABhAGwAAAA6AA0AAQBGAGkAbABlAFYAZQByAHMAaQBvAG4AAAAAADQALgA2AC4AMgA3ADkAMAA5AC4AMAAxAAAAAABcAB4AAQBJAG4AdABlAHIAbgBhAGwATgBhAG0AZQAAAFMAeQBzAHQAZQBtAC4AUwBlAGMAdQByAGkAdAB5AC4AUAByAGkAbgBjAGkAcABhAGwALgBkAGwAbAAAAIAALgABAEwAZQBnAGEAbABDAG8AcAB5AHIAaQBnAGgAdAAAAKkAIABNAGkAYwByAG8AcwBvAGYAdAAgAEMAbwByAHAAbwByAGEAdABpAG8AbgAuACAAQQBsAGwAIAByAGkAZwBoAHQAcwAgAHIAZQBzAGUAcgB2AGUAZAAuAAAAZAAeAAEATwByAGkAZwBpAG4AYQBsAEYAaQBsAGUAbgBhAG0AZQAAAFMAeQBzAHQAZQBtAC4AUwBlAGMAdQByAGkAdAB5AC4AUAByAGkAbgBjAGkAcABhAGwALgBkAGwAbAAAAFQAGgABAFAAcgBvAGQAdQBjAHQATgBhAG0AZQAAAAAATQBpAGMAcgBvAHMAbwBmAHQArgAgAC4ATgBFAFQAIABGAHIAYQBtAGUAdwBvAHIAawAAAGABngABAFAAcgBvAGQAdQBjAHQAVgBlAHIAcwBpAG8AbgAAADQALgA2AC4AMgA3ADkAMAA5AC4AMAAxACAAQABCAHUAaQBsAHQAQgB5ADoAIABkAGwAYQBiADEANAAtAEQARABWAFMATwBXAEkATgBBAEcARQAwADcAOQAgAEAAQgByAGEAbgBjAGgAOgAgAHIAZQBsAGUAYQBzAGUALwB1AHcAcAA2AC4AMgAgAEAAUwByAGMAQwBvAGQAZQA6ACAAaAB0AHQAcABzADoALwAvAGcAaQB0AGgAdQBiAC4AYwBvAG0ALwBkAG8AdABuAGUAdAAvAGMAbwByAGUAZgB4AC8AdAByAGUAZQAvADQAYQA2ADkANQA4ADEAZgBjAGIANgAzAGIAYQBlADAAZgA3AGMAMwBjADQANQBkADgANwA2AGYANgA0ADQAMwBlADEANgAwAGEAMQA3ADQAAAA4AAgAAQBBAHMAcwBlAG0AYgBsAHkAIABWAGUAcgBzAGkAbwBuAAAANAAuADEALgAxAC4AMAAAAA==","PDBPresent","","v4.0.30319"
"System.Text.RegularExpressions, Version=4.2.1.0, Culture=neutral, PublicKeyToken=b03f5f7f11d50a3a","","1562629636","aAU0AAAAVgBTAF8AVgBFAFIAUwBJAE8ATgBfAEkATgBGAE8AAAAAAL0E7/4AAAEABgAEAAEABW0AAAAAAAAAAD8AAAAAAAAABAAAAAIAAAAAAAAAAAAAAAAAAABEAAAAAQBWAGEAcgBGAGkAbABlAEkAbgBmAG8AAAAAACQABAAAAFQAcgBhAG4AcwBsAGEAdABpAG8AbgAAAAAAAACwBMgEAAABAFMAdAByAGkAbgBnAEYAaQBsAGUASQBuAGYAbwAAAKQEAAABADAAMAAwADAAMAA0AGIAMAAAAFYAHwABAEMAbwBtAG0AZQBuAHQAcwAAAFMAeQBzAHQAZQBtAC4AVABlAHgAdAAuAFIAZQBnAHUAbABhAHIARQB4AHAAcgBlAHMAcwBpAG8AbgBzAAAAAABMABYAAQBDAG8AbQBwAGEAbgB5AE4AYQBtAGUAAAAAAE0AaQBjAHIAbwBzAG8AZgB0ACAAQwBvAHIAcABvAHIAYQB0AGkAbwBuAAAAZgAfAAEARgBpAGwAZQBEAGUAcwBjAHIAaQBwAHQAaQBvAG4AAAAAAFMAeQBzAHQAZQBtAC4AVABlAHgAdAAuAFIAZQBnAHUAbABhAHIARQB4AHAAcgBlAHMAcwBpAG8AbgBzAAAAAAA6AA0AAQBGAGkAbABlAFYAZQByAHMAaQBvAG4AAAAAADQALgA2AC4AMgA3ADkAMAA5AC4AMAAxAAAAAABmACMAAQBJAG4AdABlAHIAbgBhAGwATgBhAG0AZQAAAFMAeQBzAHQAZQBtAC4AVABlAHgAdAAuAFIAZQBnAHUAbABhAHIARQB4AHAAcgBlAHMAcwBpAG8AbgBzAC4AZABsAGwAAAAAAIAALgABAEwAZQBnAGEAbABDAG8AcAB5AHIAaQBnAGgAdAAAAKkAIABNAGkAYwByAG8AcwBvAGYAdAAgAEMAbwByAHAAbwByAGEAdABpAG8AbgAuACAAQQBsAGwAIAByAGkAZwBoAHQAcwAgAHIAZQBzAGUAcgB2AGUAZAAuAAAAbgAjAAEATwByAGkAZwBpAG4AYQBsAEYAaQBsAGUAbgBhAG0AZQAAAFMAeQBzAHQAZQBtAC4AVABlAHgAdAAuAFIAZQBnAHUAbABhAHIARQB4AHAAcgBlAHMAcwBpAG8AbgBzAC4AZABsAGwAAAAAAFQAGgABAFAAcgBvAGQAdQBjAHQATgBhAG0AZQAAAAAATQBpAGMAcgBvAHMAbwBmAHQArgAgAC4ATgBFAFQAIABGAHIAYQBtAGUAdwBvAHIAawAAAGABngABAFAAcgBvAGQAdQBjAHQAVgBlAHIAcwBpAG8AbgAAADQALgA2AC4AMgA3ADkAMAA5AC4AMAAxACAAQABCAHUAaQBsAHQAQgB5ADoAIABkAGwAYQBiADEANAAtAEQARABWAFMATwBXAEkATgBBAEcARQAwADcAOQAgAEAAQgByAGEAbgBjAGgAOgAgAHIAZQBsAGUAYQBzAGUALwB1AHcAcAA2AC4AMgAgAEAAUwByAGMAQwBvAGQAZQA6ACAAaAB0AHQAcABzADoALwAvAGcAaQB0AGgAdQBiAC4AYwBvAG0ALwBkAG8AdABuAGUAdAAvAGMAbwByAGUAZgB4AC8AdAByAGUAZQAvADQAYQA2ADkANQA4ADEAZgBjAGIANgAzAGIAYQBlADAAZgA3AGMAMwBjADQANQBkADgANwA2AGYANgA0ADQAMwBlADEANgAwAGEAMQA3ADQAAAA4AAgAAQBBAHMAcwBlAG0AYgBsAHkAIABWAGUAcgBzAGkAbwBuAAAANAAuADIALgAxAC4AMAAAAA==","PDBPresent","","v4.0.30319"
"System.Threading, Version=4.1.1.0, Culture=neutral, PublicKeyToken=b03f5f7f11d50a3a","","1562629574","+AQ0AAAAVgBTAF8AVgBFAFIAUwBJAE8ATgBfAEkATgBGAE8AAAAAAL0E7/4AAAEABgAEAAEABW0AAAAAAAAAAD8AAAAAAAAABAAAAAIAAAAAAAAAAAAAAAAAAABEAAAAAQBWAGEAcgBGAGkAbABlAEkAbgBmAG8AAAAAACQABAAAAFQAcgBhAG4AcwBsAGEAdABpAG8AbgAAAAAAAACwBFgEAAABAFMAdAByAGkAbgBnAEYAaQBsAGUASQBuAGYAbwAAADQEAAABADAAMAAwADAAMAA0AGIAMAAAADoAEQABAEMAbwBtAG0AZQBuAHQAcwAAAFMAeQBzAHQAZQBtAC4AVABoAHIAZQBhAGQAaQBuAGcAAAAAAEwAFgABAEMAbwBtAHAAYQBuAHkATgBhAG0AZQAAAAAATQBpAGMAcgBvAHMAbwBmAHQAIABDAG8AcgBwAG8AcgBhAHQAaQBvAG4AAABKABEAAQBGAGkAbABlAEQAZQBzAGMAcgBpAHAAdABpAG8AbgAAAAAAUwB5AHMAdABlAG0ALgBUAGgAcgBlAGEAZABpAG4AZwAAAAAAOgANAAEARgBpAGwAZQBWAGUAcgBzAGkAbwBuAAAAAAA0AC4ANgAuADIANwA5ADAAOQAuADAAMQAAAAAASgAVAAEASQBuAHQAZQByAG4AYQBsAE4AYQBtAGUAAABTAHkAcwB0AGUAbQAuAFQAaAByAGUAYQBkAGkAbgBnAC4AZABsAGwAAAAAAIAALgABAEwAZQBnAGEAbABDAG8AcAB5AHIAaQBnAGgAdAAAAKkAIABNAGkAYwByAG8AcwBvAGYAdAAgAEMAbwByAHAAbwByAGEAdABpAG8AbgAuACAAQQBsAGwAIAByAGkAZwBoAHQAcwAgAHIAZQBzAGUAcgB2AGUAZAAuAAAAUgAVAAEATwByAGkAZwBpAG4AYQBsAEYAaQBsAGUAbgBhAG0AZQAAAFMAeQBzAHQAZQBtAC4AVABoAHIAZQBhAGQAaQBuAGcALgBkAGwAbAAAAAAAVAAaAAEAUAByAG8AZAB1AGMAdABOAGEAbQBlAAAAAABNAGkAYwByAG8AcwBvAGYAdACuACAALgBOAEUAVAAgAEYAcgBhAG0AZQB3AG8AcgBrAAAAYAGeAAEAUAByAG8AZAB1AGMAdABWAGUAcgBzAGkAbwBuAAAANAAuADYALgAyADcAOQAwADkALgAwADEAIABAAEIAdQBpAGwAdABCAHkAOgAgAGQAbABhAGIAMQA0AC0ARABEAFYAUwBPAFcASQBOAEEARwBFADAANwA5ACAAQABCAHIAYQBuAGMAaAA6ACAAcgBlAGwAZQBhAHMAZQAvAHUAdwBwADYALgAyACAAQABTAHIAYwBDAG8AZABlADoAIABoAHQAdABwAHMAOgAvAC8AZwBpAHQAaAB1AGIALgBjAG8AbQAvAGQAbwB0AG4AZQB0AC8AYwBvAHIAZQBmAHgALwB0AHIAZQBlAC8ANABhADYAOQA1ADgAMQBmAGMAYgA2ADMAYgBhAGUAMABmADcAYwAzAGMANAA1AGQAOAA3ADYAZgA2ADQANAAzAGUAMQA2ADAAYQAxADcANAAAADgACAABAEEAcwBzAGUAbQBiAGwAeQAgAFYAZQByAHMAaQBvAG4AAAA0AC4AMQAuADEALgAwAAAA","PDBNotPresent","","v4.0.30319"
"System.Private.SharedLibrary.Generated, Version=1.0.0.0, Culture=neutral, PublicKeyToken=null","","1562888240","AAA=","PDBNotPresent","","v4.0.30319"
"System.Private.CoreLib, Version=4.0.0.0, Culture=neutral, PublicKeyToken=b03f5f7f11d50a3a","","1562887184","YAQ0AAAAVgBTAF8AVgBFAFIAUwBJAE8ATgBfAEkATgBGAE8AAAAAAL0E7/4AAAEABgAEAAAAB20AAAAAAAAAAD8AAAAAAAAABAAAAAIAAAAAAAAAAAAAAAAAAABEAAAAAQBWAGEAcgBGAGkAbABlAEkAbgBmAG8AAAAAACQABAAAAFQAcgBhAG4AcwBsAGEAdABpAG8AbgAAAAAAAACwBMADAAABAFMAdAByAGkAbgBnAEYAaQBsAGUASQBuAGYAbwAAAJwDAAABADAAMAAwADAAMAA0AGIAMAAAAEYAFwABAEMAbwBtAG0AZQBuAHQAcwAAAFMAeQBzAHQAZQBtAC4AUAByAGkAdgBhAHQAZQAuAEMAbwByAGUATABpAGIAAAAAAEwAFgABAEMAbwBtAHAAYQBuAHkATgBhAG0AZQAAAAAATQBpAGMAcgBvAHMAbwBmAHQAIABDAG8AcgBwAG8AcgBhAHQAaQBvAG4AAABWABcAAQBGAGkAbABlAEQAZQBzAGMAcgBpAHAAdABpAG8AbgAAAAAAUwB5AHMAdABlAG0ALgBQAHIAaQB2AGEAdABlAC4AQwBvAHIAZQBMAGkAYgAAAAAAOAAMAAEARgBpAGwAZQBWAGUAcgBzAGkAbwBuAAAAAAA0AC4ANgAuADIANwA5ADEAMQAuADAAAABWABsAAQBJAG4AdABlAHIAbgBhAGwATgBhAG0AZQAAAFMAeQBzAHQAZQBtAC4AUAByAGkAdgBhAHQAZQAuAEMAbwByAGUATABpAGIALgBkAGwAbAAAAAAAggAvAAEATABlAGcAYQBsAEMAbwBwAHkAcgBpAGcAaAB0AAAAqQAgAE0AaQBjAHIAbwBzAG8AZgB0ACAAQwBvAHIAcABvAHIAYQB0AGkAbwBuAC4AIAAgAEEAbABsACAAcgBpAGcAaAB0AHMAIAByAGUAcwBlAHIAdgBlAGQALgAAAAAAXgAbAAEATwByAGkAZwBpAG4AYQBsAEYAaQBsAGUAbgBhAG0AZQAAAFMAeQBzAHQAZQBtAC4AUAByAGkAdgBhAHQAZQAuAEMAbwByAGUATABpAGIALgBkAGwAbAAAAAAAVAAaAAEAUAByAG8AZAB1AGMAdABOAGEAbQBlAAAAAABNAGkAYwByAG8AcwBvAGYAdACuACAALgBOAEUAVAAgAEYAcgBhAG0AZQB3AG8AcgBrAAAAlgA5AAEAUAByAG8AZAB1AGMAdABWAGUAcgBzAGkAbwBuAAAANAAuADYALgAyADcAOQAxADEALgAwACAAYgB1AGkAbAB0ACAAYgB5ADoAIABkAGwAYQBiADEANAAtAEQARABCAEwARAAzADQANABBAC4AIABDAG8AbQBtAGkAdAAgAEgAYQBzAGgAOgAgAE4ALwBBAAAAAAA4AAgAAQBBAHMAcwBlAG0AYgBsAHkAIABWAGUAcgBzAGkAbwBuAAAANAAuADAALgAwAC4AMAAAAA==","PDBPresent","","v4.0.30319"
"System.Private.SharedLibrary.Interop.Generated, Version=0.0.0.0, Culture=neutral, PublicKeyToken=null","","1562888255","5AI0AAAAVgBTAF8AVgBFAFIAUwBJAE8ATgBfAEkATgBGAE8AAAAAAL0E7/4AAAEAAAAAAAAAAAAAAAAAAAAAAD8AAAAAAAAABAAAAAIAAAAAAAAAAAAAAAAAAABEAAAAAQBWAGEAcgBGAGkAbABlAEkAbgBmAG8AAAAAACQABAAAAFQAcgBhAG4AcwBsAGEAdABpAG8AbgAAAAAAAACwBEQCAAABAFMAdAByAGkAbgBnAEYAaQBsAGUASQBuAGYAbwAAACACAAABADAAMAAwADAAMAA0AGIAMAAAACwAAgABAEYAaQBsAGUARABlAHMAYwByAGkAcAB0AGkAbwBuAAAAAAAgAAAAMAAIAAEARgBpAGwAZQBWAGUAcgBzAGkAbwBuAAAAAAAwAC4AMAAuADAALgAwAAAAhgAzAAEASQBuAHQAZQByAG4AYQBsAE4AYQBtAGUAAABTAHkAcwB0AGUAbQAuAFAAcgBpAHYAYQB0AGUALgBTAGgAYQByAGUAZABMAGkAYgByAGEAcgB5AC4ASQBuAHQAZQByAG8AcAAuAEcAZQBuAGUAcgBhAHQAZQBkAC4AZABsAGwAAAAAACgAAgABAEwAZQBnAGEAbABDAG8AcAB5AHIAaQBnAGgAdAAAACAAAACOADMAAQBPAHIAaQBnAGkAbgBhAGwARgBpAGwAZQBuAGEAbQBlAAAAUwB5AHMAdABlAG0ALgBQAHIAaQB2AGEAdABlAC4AUwBoAGEAcgBlAGQATABpAGIAcgBhAHIAeQAuAEkAbgB0AGUAcgBvAHAALgBHAGUAbgBlAHIAYQB0AGUAZAAuAGQAbABsAAAAAAA0AAgAAQBQAHIAbwBkAHUAYwB0AFYAZQByAHMAaQBvAG4AAAAwAC4AMAAuADAALgAwAAAAOAAIAAEAQQBzAHMAZQBtAGIAbAB5ACAAVgBlAHIAcwBpAG8AbgAAADAALgAwAC4AMAAuADAAAAA=","PDBPresent","","v4.0.30319"
"HelloWorld, Version=1.0.0.0, Culture=neutral, PublicKeyToken=null","","1675097747","LAM0AAAAVgBTAF8AVgBFAFIAUwBJAE8ATgBfAEkATgBGAE8AAAAAAL0E7/4AAAEAAAABAAAAAAAAAAEAAAAAAD8AAAAAAAAABAAAAAEAAAAAAAAAAAAAAAAAAABEAAAAAQBWAGEAcgBGAGkAbABlAEkAbgBmAG8AAAAAACQABAAAAFQAcgBhAG4AcwBsAGEAdABpAG8AbgAAAAAAAACwBIwCAAABAFMAdAByAGkAbgBnAEYAaQBsAGUASQBuAGYAbwAAAGgCAAABADAAMAAwADAAMAA0AGIAMAAAABoAAQABAEMAbwBtAG0AZQBuAHQAcwAAAAAAAAAiAAEAAQBDAG8AbQBwAGEAbgB5AE4AYQBtAGUAAAAAAAAAAAA+AAsAAQBGAGkAbABlAEQAZQBzAGMAcgBpAHAAdABpAG8AbgAAAAAASABlAGwAbABvAFcAbwByAGwAZAAAAAAAMAAIAAEARgBpAGwAZQBWAGUAcgBzAGkAbwBuAAAAAAAxAC4AMAAuADAALgAwAAAAPgAPAAEASQBuAHQAZQByAG4AYQBsAE4AYQBtAGUAAABIAGUAbABsAG8AVwBvAHIAbABkAC4AZQB4AGUAAAAAAEgAEgABAEwAZQBnAGEAbABDAG8AcAB5AHIAaQBnAGgAdAAAAEMAbwBwAHkAcgBpAGcAaAB0ACAAqQAgACAAMgAwADEAOQAAACoAAQABAEwAZQBnAGEAbABUAHIAYQBkAGUAbQBhAHIAawBzAAAAAAAAAAAARgAPAAEATwByAGkAZwBpAG4AYQBsAEYAaQBsAGUAbgBhAG0AZQAAAEgAZQBsAGwAbwBXAG8AcgBsAGQALgBlAHgAZQAAAAAANgALAAEAUAByAG8AZAB1AGMAdABOAGEAbQBlAAAAAABIAGUAbABsAG8AVwBvAHIAbABkAAAAAAA0AAgAAQBQAHIAbwBkAHUAYwB0AFYAZQByAHMAaQBvAG4AAAAxAC4AMAAuADAALgAwAAAAOAAIAAEAQQBzAHMAZQBtAGIAbAB5ACAAVgBlAHIAcwBpAG8AbgAAADEALgAwAC4AMAAuADAAAAA=","PDBPresent","","v4.0.30319"
"System.Private.DeveloperExperience.AppX, Version=4.0.0.0, Culture=neutral, PublicKeyToken=b03f5f7f11d50a3a","","1562975860","HAQ0AAAAVgBTAF8AVgBFAFIAUwBJAE8ATgBfAEkATgBGAE8AAAAAAL0E7/4AAAEABgAEAAAAAAAGAAQAAAAAAD8AAAAAAAAABAAAAAIAAAAAAAAAAAAAAAAAAAB8AwAAAQBTAHQAcgBpAG4AZwBGAGkAbABlAEkAbgBmAG8AAABYAwAAAQAwADQAMAA5ADAANABFADQAAABMABYAAQBDAG8AbQBwAGEAbgB5AE4AYQBtAGUAAAAAAE0AaQBjAHIAbwBzAG8AZgB0ACAAQwBvAHIAcABvAHIAYQB0AGkAbwBuAAAAeAAoAAEARgBpAGwAZQBEAGUAcwBjAHIAaQBwAHQAaQBvAG4AAAAAAFMAeQBzAHQAZQBtAC4AUAByAGkAdgBhAHQAZQAuAEQAZQB2AGUAbABvAHAAZQByAEUAeABwAGUAcgBpAGUAbgBjAGUALgBBAHAAcABYAAAAXAAeAAEARgBpAGwAZQBWAGUAcgBzAGkAbwBuAAAAAAA0AC4ANgAuADAALgAwACAAYgB1AGkAbAB0ACAAYgB5ADoAIABQAFIATwBKAEUAQwBUAE4AUgBFAEwAAABwACgAAQBJAG4AdABlAHIAbgBhAGwATgBhAG0AZQAAAFMAeQBzAHQAZQBtAC4AUAByAGkAdgBhAHQAZQAuAEQAZQB2AGUAbABvAHAAZQByAEUAeABwAGUAcgBpAGUAbgBjAGUALgBBAHAAcABYAAAAggAvAAEATABlAGcAYQBsAEMAbwBwAHkAcgBpAGcAaAB0AAAAqQAgAE0AaQBjAHIAbwBzAG8AZgB0ACAAQwBvAHIAcABvAHIAYQB0AGkAbwBuAC4AIAAgAEEAbABsACAAcgBpAGcAaAB0AHMAIAByAGUAcwBlAHIAdgBlAGQALgAAAAAAeAAoAAEATwByAGkAZwBpAG4AYQBsAEYAaQBsAGUAbgBhAG0AZQAAAFMAeQBzAHQAZQBtAC4AUAByAGkAdgBhAHQAZQAuAEQAZQB2AGUAbABvAHAAZQByAEUAeABwAGUAcgBpAGUAbgBjAGUALgBBAHAAcABYAAAAVAAaAAEAUAByAG8AZAB1AGMAdABOAGEAbQBlAAAAAABNAGkAYwByAG8AcwBvAGYAdACuACAALgBOAEUAVAAgAEYAcgBhAG0AZQB3AG8AcgBrAAAAYAAeAAEAUAByAG8AZAB1AGMAdABWAGUAcgBzAGkAbwBuAAAANAAuADYALgAwAC4AMAAgAGIAdQBpAGwAdAAgAGIAeQA6ACAAUABSAE8ASgBFAEMAVABOAFIARQBMAAAARAAAAAEAVgBhAHIARgBpAGwAZQBJAG4AZgBvAAAAAAAkAAQAAABUAHIAYQBuAHMAbABhAHQAaQBvAG4AAAAAAAkE5AQ=","PDBPresent","","v4.0.30319"
"System.Private.WinRTInterop.CoreLib, Version=4.0.0.0, Culture=neutral, PublicKeyToken=b77a5c561934e089","","1562975853","HAQ0AAAAVgBTAF8AVgBFAFIAUwBJAE8ATgBfAEkATgBGAE8AAAAAAL0E7/4AAAEABgAEAAAACW0GAAQAAAAJbT8AAAAAAAAABAAAAAIAAAAAAAAAAAAAAAAAAAB6AwAAAQBTAHQAcgBpAG4AZwBGAGkAbABlAEkAbgBmAG8AAABWAwAAAQAwADQAMAA5ADAANABFADQAAABMABYAAQBDAG8AbQBwAGEAbgB5AE4AYQBtAGUAAAAAAE0AaQBjAHIAbwBzAG8AZgB0ACAAQwBvAHIAcABvAHIAYQB0AGkAbwBuAAAAcAAkAAEARgBpAGwAZQBEAGUAcwBjAHIAaQBwAHQAaQBvAG4AAAAAAFMAeQBzAHQAZQBtAC4AUAByAGkAdgBhAHQAZQAuAFcAaQBuAFIAVABJAG4AdABlAHIAbwBwAC4AQwBvAHIAZQBMAGkAYgAAAGYAIwABAEYAaQBsAGUAVgBlAHIAcwBpAG8AbgAAAAAANAAuADYALgAyADcAOQAxADMALgAwADAAIABiAHUAaQBsAHQAIABiAHkAOgAgAFAAUgBPAEoARQBDAFQATgBSAEUATAAAAAAAaAAkAAEASQBuAHQAZQByAG4AYQBsAE4AYQBtAGUAAABTAHkAcwB0AGUAbQAuAFAAcgBpAHYAYQB0AGUALgBXAGkAbgBSAFQASQBuAHQAZQByAG8AcAAuAEMAbwByAGUATABpAGIAAACCAC8AAQBMAGUAZwBhAGwAQwBvAHAAeQByAGkAZwBoAHQAAACpACAATQBpAGMAcgBvAHMAbwBmAHQAIABDAG8AcgBwAG8AcgBhAHQAaQBvAG4ALgAgACAAQQBsAGwAIAByAGkAZwBoAHQAcwAgAHIAZQBzAGUAcgB2AGUAZAAuAAAAAABwACQAAQBPAHIAaQBnAGkAbgBhAGwARgBpAGwAZQBuAGEAbQBlAAAAUwB5AHMAdABlAG0ALgBQAHIAaQB2AGEAdABlAC4AVwBpAG4AUgBUAEkAbgB0AGUAcgBvAHAALgBDAG8AcgBlAEwAaQBiAAAAVAAaAAEAUAByAG8AZAB1AGMAdABOAGEAbQBlAAAAAABNAGkAYwByAG8AcwBvAGYAdACuACAALgBOAEUAVAAgAEYAcgBhAG0AZQB3AG8AcgBrAAAAagAjAAEAUAByAG8AZAB1AGMAdABWAGUAcgBzAGkAbwBuAAAANAAuADYALgAyADcAOQAxADMALgAwADAAIABiAHUAaQBsAHQAIABiAHkAOgAgAFAAUgBPAEoARQBDAFQATgBSAEUATAAAAAAARAAAAAEAVgBhAHIARgBpAGwAZQBJAG4AZgBvAAAAAAAkAAQAAABUAHIAYQBuAHMAbABhAHQAaQBvAG4AAAAAAAkE5AQ=","PDBPresent","","v4.0.30319"
"System.Text.Encoding.CodePages, Version=4.1.1.0, Culture=neutral, PublicKeyToken=b03f5f7f11d50a3a","","1562629635","aAU0AAAAVgBTAF8AVgBFAFIAUwBJAE8ATgBfAEkATgBGAE8AAAAAAL0E7/4AAAEABgAEAAEABW0AAAAAAAAAAD8AAAAAAAAABAAAAAIAAAAAAAAAAAAAAAAAAABEAAAAAQBWAGEAcgBGAGkAbABlAEkAbgBmAG8AAAAAACQABAAAAFQAcgBhAG4AcwBsAGEAdABpAG8AbgAAAAAAAACwBMgEAAABAFMAdAByAGkAbgBnAEYAaQBsAGUASQBuAGYAbwAAAKQEAAABADAAMAAwADAAMAA0AGIAMAAAAFYAHwABAEMAbwBtAG0AZQBuAHQAcwAAAFMAeQBzAHQAZQBtAC4AVABlAHgAdAAuAEUAbgBjAG8AZABpAG4AZwAuAEMAbwBkAGUAUABhAGcAZQBzAAAAAABMABYAAQBDAG8AbQBwAGEAbgB5AE4AYQBtAGUAAAAAAE0AaQBjAHIAbwBzAG8AZgB0ACAAQwBvAHIAcABvAHIAYQB0AGkAbwBuAAAAZgAfAAEARgBpAGwAZQBEAGUAcwBjAHIAaQBwAHQAaQBvAG4AAAAAAFMAeQBzAHQAZQBtAC4AVABlAHgAdAAuAEUAbgBjAG8AZABpAG4AZwAuAEMAbwBkAGUAUABhAGcAZQBzAAAAAAA6AA0AAQBGAGkAbABlAFYAZQByAHMAaQBvAG4AAAAAADQALgA2AC4AMgA3ADkAMAA5AC4AMAAxAAAAAABmACMAAQBJAG4AdABlAHIAbgBhAGwATgBhAG0AZQAAAFMAeQBzAHQAZQBtAC4AVABlAHgAdAAuAEUAbgBjAG8AZABpAG4AZwAuAEMAbwBkAGUAUABhAGcAZQBzAC4AZABsAGwAAAAAAIAALgABAEwAZQBnAGEAbABDAG8AcAB5AHIAaQBnAGgAdAAAAKkAIABNAGkAYwByAG8AcwBvAGYAdAAgAEMAbwByAHAAbwByAGEAdABpAG8AbgAuACAAQQBsAGwAIAByAGkAZwBoAHQAcwAgAHIAZQBzAGUAcgB2AGUAZAAuAAAAbgAjAAEATwByAGkAZwBpAG4AYQBsAEYAaQBsAGUAbgBhAG0AZQAAAFMAeQBzAHQAZQBtAC4AVABlAHgAdAAuAEUAbgBjAG8AZABpAG4AZwAuAEMAbwBkAGUAUABhAGcAZQBzAC4AZABsAGwAAAAAAFQAGgABAFAAcgBvAGQAdQBjAHQATgBhAG0AZQAAAAAATQBpAGMAcgBvAHMAbwBmAHQArgAgAC4ATgBFAFQAIABGAHIAYQBtAGUAdwBvAHIAawAAAGABngABAFAAcgBvAGQAdQBjAHQAVgBlAHIAcwBpAG8AbgAAADQALgA2AC4AMgA3ADkAMAA5AC4AMAAxACAAQABCAHUAaQBsAHQAQgB5ADoAIABkAGwAYQBiADEANAAtAEQARABWAFMATwBXAEkATgBBAEcARQAwADcAOQAgAEAAQgByAGEAbgBjAGgAOgAgAHIAZQBsAGUAYQBzAGUALwB1AHcAcAA2AC4AMgAgAEAAUwByAGMAQwBvAGQAZQA6ACAAaAB0AHQAcABzADoALwAvAGcAaQB0AGgAdQBiAC4AYwBvAG0ALwBkAG8AdABuAGUAdAAvAGMAbwByAGUAZgB4AC8AdAByAGUAZQAvADQAYQA2ADkANQA4ADEAZgBjAGIANgAzAGIAYQBlADAAZgA3AGMAMwBjADQANQBkADgANwA2AGYANgA0ADQAMwBlADEANgAwAGEAMQA3ADQAAAA4AAgAAQBBAHMAcwBlAG0AYgBsAHkAIABWAGUAcgBzAGkAbwBuAAAANAAuADEALgAxAC4AMAAAAA==","PDBNotPresent","","v4.0.30319"
"System.Private.HelloWorld.Generated, Version=1.0.0.0, Culture=neutral, PublicKeyToken=null","","1675097751","AAA=","PDBNotPresent","","v4.0.30319"
"StereoKit, Version=0.3.6.0, Culture=neutral, PublicKeyToken=null","","4142256212","9AM0AAAAVgBTAF8AVgBFAFIAUwBJAE8ATgBfAEkATgBGAE8AAAAAAL0E7/4AAAEAAwAAAAAABgADAAAAAAAGAD8AAAAAAAAABAAAAAIAAAAAAAAAAAAAAAAAAABEAAAAAQBWAGEAcgBGAGkAbABlAEkAbgBmAG8AAAAAACQABAAAAFQAcgBhAG4AcwBsAGEAdABpAG8AbgAAAAAAAACwBFQDAAABAFMAdAByAGkAbgBnAEYAaQBsAGUASQBuAGYAbwAAADADAAABADAAMAAwADAAMAA0AGIAMAAAAM4AWwABAEMAbwBtAG0AZQBuAHQAcwAAAEEAIABsAGkAZwBoAHQAdwBlAGkAZwBoAHQAIABsAG8AdwAtAGQAZQBwAGUAbgBkAGUAbgBjAHkAIABDACMAIAByAGUAbgBkAGUAcgBpAG4AZwAgAGwAaQBiAHIAYQByAHkAIABmAG8AcgAgAE0AUgAgAC8AIABBAFIAIAAvACAAVgBSACAALwAgAEQAZQBzAGsAdABvAHAAIAB1AHMAaQBuAGcAIABPAHAAZQBuAFgAUgAhAAAAAABEABIAAQBDAG8AbQBwAGEAbgB5AE4AYQBtAGUAAAAAAE4AaQBjAGsAIABLAGwAaQBuAGcAZQBuAHMAbQBpAHQAaAAAADwACgABAEYAaQBsAGUARABlAHMAYwByAGkAcAB0AGkAbwBuAAAAAABTAHQAZQByAGUAbwBLAGkAdAAAADAACAABAEYAaQBsAGUAVgBlAHIAcwBpAG8AbgAAAAAAMAAuADMALgA2AC4AMAAAADwADgABAEkAbgB0AGUAcgBuAGEAbABOAGEAbQBlAAAAUwB0AGUAcgBlAG8ASwBpAHQALgBkAGwAbAAAACgAAgABAEwAZQBnAGEAbABDAG8AcAB5AHIAaQBnAGgAdAAAACAAAABEAA4AAQBPAHIAaQBnAGkAbgBhAGwARgBpAGwAZQBuAGEAbQBlAAAAUwB0AGUAcgBlAG8ASwBpAHQALgBkAGwAbAAAADQACgABAFAAcgBvAGQAdQBjAHQATgBhAG0AZQAAAAAAUwB0AGUAcgBlAG8ASwBpAHQAAACCAC8AAQBQAHIAbwBkAHUAYwB0AFYAZQByAHMAaQBvAG4AAAAwAC4AMwAuADYAKwBmADEAMAA2ADEAZAAwADQAOABkADIANABmADkANAAwADkAZQA5ADMAOABlAGEAZQA3ADUAYgBiAGEANAA5ADIAYwAyADgAMQBhADcAYgBmAAAAAAA4AAgAAQBBAHMAcwBlAG0AYgBsAHkAIABWAGUAcgBzAGkAbwBuAAAAMAAuADMALgA2AC4AMAAAAA==","PDBPresent","","v4.0.30319"
"System.Runtime.InteropServices, Version=4.2.1.0, Culture=neutral, PublicKeyToken=b03f5f7f11d50a3a","","1562629573","aAU0AAAAVgBTAF8AVgBFAFIAUwBJAE8ATgBfAEkATgBGAE8AAAAAAL0E7/4AAAEABgAEAAEABW0AAAAAAAAAAD8AAAAAAAAABAAAAAIAAAAAAAAAAAAAAAAAAABEAAAAAQBWAGEAcgBGAGkAbABlAEkAbgBmAG8AAAAAACQABAAAAFQAcgBhAG4AcwBsAGEAdABpAG8AbgAAAAAAAACwBMgEAAABAFMAdAByAGkAbgBnAEYAaQBsAGUASQBuAGYAbwAAAKQEAAABADAAMAAwADAAMAA0AGIAMAAAAFYAHwABAEMAbwBtAG0AZQBuAHQAcwAAAFMAeQBzAHQAZQBtAC4AUgB1AG4AdABpAG0AZQAuAEkAbgB0AGUAcgBvAHAAUwBlAHIAdgBpAGMAZQBzAAAAAABMABYAAQBDAG8AbQBwAGEAbgB5AE4AYQBtAGUAAAAAAE0AaQBjAHIAbwBzAG8AZgB0ACAAQwBvAHIAcABvAHIAYQB0AGkAbwBuAAAAZgAfAAEARgBpAGwAZQBEAGUAcwBjAHIAaQBwAHQAaQBvAG4AAAAAAFMAeQBzAHQAZQBtAC4AUgB1AG4AdABpAG0AZQAuAEkAbgB0AGUAcgBvAHAAUwBlAHIAdgBpAGMAZQBzAAAAAAA6AA0AAQBGAGkAbABlAFYAZQByAHMAaQBvAG4AAAAAADQALgA2AC4AMgA3ADkAMAA5AC4AMAAxAAAAAABmACMAAQBJAG4AdABlAHIAbgBhAGwATgBhAG0AZQAAAFMAeQBzAHQAZQBtAC4AUgB1AG4AdABpAG0AZQAuAEkAbgB0AGUAcgBvAHAAUwBlAHIAdgBpAGMAZQBzAC4AZABsAGwAAAAAAIAALgABAEwAZQBnAGEAbABDAG8AcAB5AHIAaQBnAGgAdAAAAKkAIABNAGkAYwByAG8AcwBvAGYAdAAgAEMAbwByAHAAbwByAGEAdABpAG8AbgAuACAAQQBsAGwAIAByAGkAZwBoAHQAcwAgAHIAZQBzAGUAcgB2AGUAZAAuAAAAbgAjAAEATwByAGkAZwBpAG4AYQBsAEYAaQBsAGUAbgBhAG0AZQAAAFMAeQBzAHQAZQBtAC4AUgB1AG4AdABpAG0AZQAuAEkAbgB0AGUAcgBvAHAAUwBlAHIAdgBpAGMAZQBzAC4AZABsAGwAAAAAAFQAGgABAFAAcgBvAGQAdQBjAHQATgBhAG0AZQAAAAAATQBpAGMAcgBvAHMAbwBmAHQArgAgAC4ATgBFAFQAIABGAHIAYQBtAGUAdwBvAHIAawAAAGABngABAFAAcgBvAGQAdQBjAHQAVgBlAHIAcwBpAG8AbgAAADQALgA2AC4AMgA3ADkAMAA5AC4AMAAxACAAQABCAHUAaQBsAHQAQgB5ADoAIABkAGwAYQBiADEANAAtAEQARABWAFMATwBXAEkATgBBAEcARQAwADcAOQAgAEAAQgByAGEAbgBjAGgAOgAgAHIAZQBsAGUAYQBzAGUALwB1AHcAcAA2AC4AMgAgAEAAUwByAGMAQwBvAGQAZQA6ACAAaAB0AHQAcABzADoALwAvAGcAaQB0AGgAdQBiAC4AYwBvAG0ALwBkAG8AdABuAGUAdAAvAGMAbwByAGUAZgB4AC8AdAByAGUAZQAvADQAYQA2ADkANQA4ADEAZgBjAGIANgAzAGIAYQBlADAAZgA3AGMAMwBjADQANQBkADgANwA2AGYANgA0ADQAMwBlADEANgAwAGEAMQA3ADQAAAA4AAgAAQBBAHMAcwBlAG0AYgBsAHkAIABWAGUAcgBzAGkAbwBuAAAANAAuADIALgAxAC4AMAAAAA==","PDBNotPresent","","v4.0.30319"
"System.Runtime.InteropServices.WindowsRuntime, Version=4.0.3.0, Culture=neutral, PublicKeyToken=b03f5f7f11d50a3a","","1562629549","2AU0AAAAVgBTAF8AVgBFAFIAUwBJAE8ATgBfAEkATgBGAE8AAAAAAL0E7/4AAAEABgAEAAEABW0AAAAAAAAAAD8AAAAAAAAABAAAAAIAAAAAAAAAAAAAAAAAAABEAAAAAQBWAGEAcgBGAGkAbABlAEkAbgBmAG8AAAAAACQABAAAAFQAcgBhAG4AcwBsAGEAdABpAG8AbgAAAAAAAACwBDgFAAABAFMAdAByAGkAbgBnAEYAaQBsAGUASQBuAGYAbwAAABQFAAABADAAMAAwADAAMAA0AGIAMAAAAHQALgABAEMAbwBtAG0AZQBuAHQAcwAAAFMAeQBzAHQAZQBtAC4AUgB1AG4AdABpAG0AZQAuAEkAbgB0AGUAcgBvAHAAUwBlAHIAdgBpAGMAZQBzAC4AVwBpAG4AZABvAHcAcwBSAHUAbgB0AGkAbQBlAAAATAAWAAEAQwBvAG0AcABhAG4AeQBOAGEAbQBlAAAAAABNAGkAYwByAG8AcwBvAGYAdAAgAEMAbwByAHAAbwByAGEAdABpAG8AbgAAAIQALgABAEYAaQBsAGUARABlAHMAYwByAGkAcAB0AGkAbwBuAAAAAABTAHkAcwB0AGUAbQAuAFIAdQBuAHQAaQBtAGUALgBJAG4AdABlAHIAbwBwAFMAZQByAHYAaQBjAGUAcwAuAFcAaQBuAGQAbwB3AHMAUgB1AG4AdABpAG0AZQAAADoADQABAEYAaQBsAGUAVgBlAHIAcwBpAG8AbgAAAAAANAAuADYALgAyADcAOQAwADkALgAwADEAAAAAAIQAMgABAEkAbgB0AGUAcgBuAGEAbABOAGEAbQBlAAAAUwB5AHMAdABlAG0ALgBSAHUAbgB0AGkAbQBlAC4ASQBuAHQAZQByAG8AcABTAGUAcgB2AGkAYwBlAHMALgBXAGkAbgBkAG8AdwBzAFIAdQBuAHQAaQBtAGUALgBkAGwAbAAAAIAALgABAEwAZQBnAGEAbABDAG8AcAB5AHIAaQBnAGgAdAAAAKkAIABNAGkAYwByAG8AcwBvAGYAdAAgAEMAbwByAHAAbwByAGEAdABpAG8AbgAuACAAQQBsAGwAIAByAGkAZwBoAHQAcwAgAHIAZQBzAGUAcgB2AGUAZAAuAAAAjAAyAAEATwByAGkAZwBpAG4AYQBsAEYAaQBsAGUAbgBhAG0AZQAAAFMAeQBzAHQAZQBtAC4AUgB1AG4AdABpAG0AZQAuAEkAbgB0AGUAcgBvAHAAUwBlAHIAdgBpAGMAZQBzAC4AVwBpAG4AZABvAHcAcwBSAHUAbgB0AGkAbQBlAC4AZABsAGwAAABUABoAAQBQAHIAbwBkAHUAYwB0AE4AYQBtAGUAAAAAAE0AaQBjAHIAbwBzAG8AZgB0AK4AIAAuAE4ARQBUACAARgByAGEAbQBlAHcAbwByAGsAAABgAZ4AAQBQAHIAbwBkAHUAYwB0AFYAZQByAHMAaQBvAG4AAAA0AC4ANgAuADIANwA5ADAAOQAuADAAMQAgAEAAQgB1AGkAbAB0AEIAeQA6ACAAZABsAGEAYgAxADQALQBEAEQAVgBTAE8AVwBJAE4AQQBHAEUAMAA3ADkAIABAAEIAcgBhAG4AYwBoADoAIAByAGUAbABlAGEAcwBlAC8AdQB3AHAANgAuADIAIABAAFMAcgBjAEMAbwBkAGUAOgAgAGgAdAB0AHAAcwA6AC8ALwBnAGkAdABoAHUAYgAuAGMAbwBtAC8AZABvAHQAbgBlAHQALwBjAG8AcgBlAGYAeAAvAHQAcgBlAGUALwA0AGEANgA5ADUAOAAxAGYAYwBiADYAMwBiAGEAZQAwAGYANwBjADMAYwA0ADUAZAA4ADcANgBmADYANAA0ADMAZQAxADYAMABhADEANwA0AAAAOAAIAAEAQQBzAHMAZQBtAGIAbAB5ACAAVgBlAHIAcwBpAG8AbgAAADQALgAwAC4AMwAuADAAAAA=","PDBNotPresent","","v4.0.30319"
"System.Numerics.Vectors, Version=4.1.4.0, Culture=neutral, PublicKeyToken=b03f5f7f11d50a3a","","1562629555","KAU0AAAAVgBTAF8AVgBFAFIAUwBJAE8ATgBfAEkATgBGAE8AAAAAAL0E7/4AAAEABgAEAAEABW0AAAAAAAAAAD8AAAAAAAAABAAAAAIAAAAAAAAAAAAAAAAAAABEAAAAAQBWAGEAcgBGAGkAbABlAEkAbgBmAG8AAAAAACQABAAAAFQAcgBhAG4AcwBsAGEAdABpAG8AbgAAAAAAAACwBIgEAAABAFMAdAByAGkAbgBnAEYAaQBsAGUASQBuAGYAbwAAAGQEAAABADAAMAAwADAAMAA0AGIAMAAAAEgAGAABAEMAbwBtAG0AZQBuAHQAcwAAAFMAeQBzAHQAZQBtAC4ATgB1AG0AZQByAGkAYwBzAC4AVgBlAGMAdABvAHIAcwAAAEwAFgABAEMAbwBtAHAAYQBuAHkATgBhAG0AZQAAAAAATQBpAGMAcgBvAHMAbwBmAHQAIABDAG8AcgBwAG8AcgBhAHQAaQBvAG4AAABYABgAAQBGAGkAbABlAEQAZQBzAGMAcgBpAHAAdABpAG8AbgAAAAAAUwB5AHMAdABlAG0ALgBOAHUAbQBlAHIAaQBjAHMALgBWAGUAYwB0AG8AcgBzAAAAOgANAAEARgBpAGwAZQBWAGUAcgBzAGkAbwBuAAAAAAA0AC4ANgAuADIANwA5ADAAOQAuADAAMQAAAAAAWAAcAAEASQBuAHQAZQByAG4AYQBsAE4AYQBtAGUAAABTAHkAcwB0AGUAbQAuAE4AdQBtAGUAcgBpAGMAcwAuAFYAZQBjAHQAbwByAHMALgBkAGwAbAAAAIAALgABAEwAZQBnAGEAbABDAG8AcAB5AHIAaQBnAGgAdAAAAKkAIABNAGkAYwByAG8AcwBvAGYAdAAgAEMAbwByAHAAbwByAGEAdABpAG8AbgAuACAAQQBsAGwAIAByAGkAZwBoAHQAcwAgAHIAZQBzAGUAcgB2AGUAZAAuAAAAYAAcAAEATwByAGkAZwBpAG4AYQBsAEYAaQBsAGUAbgBhAG0AZQAAAFMAeQBzAHQAZQBtAC4ATgB1AG0AZQByAGkAYwBzAC4AVgBlAGMAdABvAHIAcwAuAGQAbABsAAAAVAAaAAEAUAByAG8AZAB1AGMAdABOAGEAbQBlAAAAAABNAGkAYwByAG8AcwBvAGYAdACuACAALgBOAEUAVAAgAEYAcgBhAG0AZQB3AG8AcgBrAAAAYAGeAAEAUAByAG8AZAB1AGMAdABWAGUAcgBzAGkAbwBuAAAANAAuADYALgAyADcAOQAwADkALgAwADEAIABAAEIAdQBpAGwAdABCAHkAOgAgAGQAbABhAGIAMQA0AC0ARABEAFYAUwBPAFcASQBOAEEARwBFADAANwA5ACAAQABCAHIAYQBuAGMAaAA6ACAAcgBlAGwAZQBhAHMAZQAvAHUAdwBwADYALgAyACAAQABTAHIAYwBDAG8AZABlADoAIABoAHQAdABwAHMAOgAvAC8AZwBpAHQAaAB1AGIALgBjAG8AbQAvAGQAbwB0AG4AZQB0AC8AYwBvAHIAZQBmAHgALwB0AHIAZQBlAC8ANABhADYAOQA1ADgAMQBmAGMAYgA2ADMAYgBhAGUAMABmADcAYwAzAGMANAA1AGQAOAA3ADYAZgA2ADQANAAzAGUAMQA2ADAAYQAxADcANAAAADgACAABAEEAcwBzAGUAbQBiAGwAeQAgAFYAZQByAHMAaQBvAG4AAAA0AC4AMQAuADQALgAwAAAA","PDBNotPresent","","v4.0.30319"
"System.Runtime.WindowsRuntime, Version=4.0.14.0, Culture=neutral, PublicKeyToken=b77a5c561934e089","","1562629573","WgU0AAAAVgBTAF8AVgBFAFIAUwBJAE8ATgBfAEkATgBGAE8AAAAAAL0E7/4AAAEABgAEAAEABW0AAAAAAAAAAD8AAAAAAAAABAAAAAIAAAAAAAAAAAAAAAAAAABEAAAAAQBWAGEAcgBGAGkAbABlAEkAbgBmAG8AAAAAACQABAAAAFQAcgBhAG4AcwBsAGEAdABpAG8AbgAAAAAAAACwBLoEAAABAFMAdAByAGkAbgBnAEYAaQBsAGUASQBuAGYAbwAAAJYEAAABADAAMAAwADAAMAA0AGIAMAAAAFQAHgABAEMAbwBtAG0AZQBuAHQAcwAAAFMAeQBzAHQAZQBtAC4AUgB1AG4AdABpAG0AZQAuAFcAaQBuAGQAbwB3AHMAUgB1AG4AdABpAG0AZQAAAEwAFgABAEMAbwBtAHAAYQBuAHkATgBhAG0AZQAAAAAATQBpAGMAcgBvAHMAbwBmAHQAIABDAG8AcgBwAG8AcgBhAHQAaQBvAG4AAABkAB4AAQBGAGkAbABlAEQAZQBzAGMAcgBpAHAAdABpAG8AbgAAAAAAUwB5AHMAdABlAG0ALgBSAHUAbgB0AGkAbQBlAC4AVwBpAG4AZABvAHcAcwBSAHUAbgB0AGkAbQBlAAAAOgANAAEARgBpAGwAZQBWAGUAcgBzAGkAbwBuAAAAAAA0AC4ANgAuADIANwA5ADAAOQAuADAAMQAAAAAAZAAiAAEASQBuAHQAZQByAG4AYQBsAE4AYQBtAGUAAABTAHkAcwB0AGUAbQAuAFIAdQBuAHQAaQBtAGUALgBXAGkAbgBkAG8AdwBzAFIAdQBuAHQAaQBtAGUALgBkAGwAbAAAAIAALgABAEwAZQBnAGEAbABDAG8AcAB5AHIAaQBnAGgAdAAAAKkAIABNAGkAYwByAG8AcwBvAGYAdAAgAEMAbwByAHAAbwByAGEAdABpAG8AbgAuACAAQQBsAGwAIAByAGkAZwBoAHQAcwAgAHIAZQBzAGUAcgB2AGUAZAAuAAAAbAAiAAEATwByAGkAZwBpAG4AYQBsAEYAaQBsAGUAbgBhAG0AZQAAAFMAeQBzAHQAZQBtAC4AUgB1AG4AdABpAG0AZQAuAFcAaQBuAGQAbwB3AHMAUgB1AG4AdABpAG0AZQAuAGQAbABsAAAAVAAaAAEAUAByAG8AZAB1AGMAdABOAGEAbQBlAAAAAABNAGkAYwByAG8AcwBvAGYAdACuACAALgBOAEUAVAAgAEYAcgBhAG0AZQB3AG8AcgBrAAAAYAGeAAEAUAByAG8AZAB1AGMAdABWAGUAcgBzAGkAbwBuAAAANAAuADYALgAyADcAOQAwADkALgAwADEAIABAAEIAdQBpAGwAdABCAHkAOgAgAGQAbABhAGIAMQA0AC0ARABEAFYAUwBPAFcASQBOAEEARwBFADAANwA5ACAAQABCAHIAYQBuAGMAaAA6ACAAcgBlAGwAZQBhAHMAZQAvAHUAdwBwADYALgAyACAAQABTAHIAYwBDAG8AZABlADoAIABoAHQAdABwAHMAOgAvAC8AZwBpAHQAaAB1AGIALgBjAG8AbQAvAGQAbwB0AG4AZQB0AC8AYwBvAHIAZQBmAHgALwB0AHIAZQBlAC8ANABhADYAOQA1ADgAMQBmAGMAYgA2ADMAYgBhAGUAMABmADcAYwAzAGMANAA1AGQAOAA3ADYAZgA2ADQANAAzAGUAMQA2ADAAYQAxADcANAAAADoACQABAEEAcwBzAGUAbQBiAGwAeQAgAFYAZQByAHMAaQBvAG4AAAA0AC4AMAAuADEANAAuADAAAAA=","PDBNotPresent","","v4.0.30319"
"System.Runtime.WindowsRuntime.UI.Xaml, Version=4.0.4.0, Culture=neutral, PublicKeyToken=b77a5c561934e089","","1562629626","mAU0AAAAVgBTAF8AVgBFAFIAUwBJAE8ATgBfAEkATgBGAE8AAAAAAL0E7/4AAAEABgAEAAEABW0AAAAAAAAAAD8AAAAAAAAABAAAAAIAAAAAAAAAAAAAAAAAAABEAAAAAQBWAGEAcgBGAGkAbABlAEkAbgBmAG8AAAAAACQABAAAAFQAcgBhAG4AcwBsAGEAdABpAG8AbgAAAAAAAACwBPgEAAABAFMAdAByAGkAbgBnAEYAaQBsAGUASQBuAGYAbwAAANQEAAABADAAMAAwADAAMAA0AGIAMAAAAGQAJgABAEMAbwBtAG0AZQBuAHQAcwAAAFMAeQBzAHQAZQBtAC4AUgB1AG4AdABpAG0AZQAuAFcAaQBuAGQAbwB3AHMAUgB1AG4AdABpAG0AZQAuAFUASQAuAFgAYQBtAGwAAABMABYAAQBDAG8AbQBwAGEAbgB5AE4AYQBtAGUAAAAAAE0AaQBjAHIAbwBzAG8AZgB0ACAAQwBvAHIAcABvAHIAYQB0AGkAbwBuAAAAdAAmAAEARgBpAGwAZQBEAGUAcwBjAHIAaQBwAHQAaQBvAG4AAAAAAFMAeQBzAHQAZQBtAC4AUgB1AG4AdABpAG0AZQAuAFcAaQBuAGQAbwB3AHMAUgB1AG4AdABpAG0AZQAuAFUASQAuAFgAYQBtAGwAAAA6AA0AAQBGAGkAbABlAFYAZQByAHMAaQBvAG4AAAAAADQALgA2AC4AMgA3ADkAMAA5AC4AMAAxAAAAAAB0ACoAAQBJAG4AdABlAHIAbgBhAGwATgBhAG0AZQAAAFMAeQBzAHQAZQBtAC4AUgB1AG4AdABpAG0AZQAuAFcAaQBuAGQAbwB3AHMAUgB1AG4AdABpAG0AZQAuAFUASQAuAFgAYQBtAGwALgBkAGwAbAAAAIAALgABAEwAZQBnAGEAbABDAG8AcAB5AHIAaQBnAGgAdAAAAKkAIABNAGkAYwByAG8AcwBvAGYAdAAgAEMAbwByAHAAbwByAGEAdABpAG8AbgAuACAAQQBsAGwAIAByAGkAZwBoAHQAcwAgAHIAZQBzAGUAcgB2AGUAZAAuAAAAfAAqAAEATwByAGkAZwBpAG4AYQBsAEYAaQBsAGUAbgBhAG0AZQAAAFMAeQBzAHQAZQBtAC4AUgB1AG4AdABpAG0AZQAuAFcAaQBuAGQAbwB3AHMAUgB1AG4AdABpAG0AZQAuAFUASQAuAFgAYQBtAGwALgBkAGwAbAAAAFQAGgABAFAAcgBvAGQAdQBjAHQATgBhAG0AZQAAAAAATQBpAGMAcgBvAHMAbwBmAHQArgAgAC4ATgBFAFQAIABGAHIAYQBtAGUAdwBvAHIAawAAAGABngABAFAAcgBvAGQAdQBjAHQAVgBlAHIAcwBpAG8AbgAAADQALgA2AC4AMgA3ADkAMAA5AC4AMAAxACAAQABCAHUAaQBsAHQAQgB5ADoAIABkAGwAYQBiADEANAAtAEQARABWAFMATwBXAEkATgBBAEcARQAwADcAOQAgAEAAQgByAGEAbgBjAGgAOgAgAHIAZQBsAGUAYQBzAGUALwB1AHcAcAA2AC4AMgAgAEAAUwByAGMAQwBvAGQAZQA6ACAAaAB0AHQAcABzADoALwAvAGcAaQB0AGgAdQBiAC4AYwBvAG0ALwBkAG8AdABuAGUAdAAvAGMAbwByAGUAZgB4AC8AdAByAGUAZQAvADQAYQA2ADkANQA4ADEAZgBjAGIANgAzAGIAYQBlADAAZgA3AGMAMwBjADQANQBkADgANwA2AGYANgA0ADQAMwBlADEANgAwAGEAMQA3ADQAAAA4AAgAAQBBAHMAcwBlAG0AYgBsAHkAIABWAGUAcgBzAGkAbwBuAAAANAAuADAALgA0AC4AMAAAAA==","PDBNotPresent","","v4.0.30319"
"System.Private.StackTraceGenerator, Version=4.0.0.0, Culture=neutral, PublicKeyToken=b03f5f7f11d50a3a","","1562975858","xAQ0AAAAVgBTAF8AVgBFAFIAUwBJAE8ATgBfAEkATgBGAE8AAAAAAL0E7/4AAAEABgAEAAAACW0AAAAAAAAAAD8AAAAAAAAABAAAAAIAAAAAAAAAAAAAAAAAAABEAAAAAQBWAGEAcgBGAGkAbABlAEkAbgBmAG8AAAAAACQABAAAAFQAcgBhAG4AcwBsAGEAdABpAG8AbgAAAAAAAACwBCQEAAABAFMAdAByAGkAbgBnAEYAaQBsAGUASQBuAGYAbwAAAAAEAAABADAAMAAwADAAMAA0AGIAMAAAAF4AIwABAEMAbwBtAG0AZQBuAHQAcwAAAFMAeQBzAHQAZQBtAC4AUAByAGkAdgBhAHQAZQAuAFMAdABhAGMAawBUAHIAYQBjAGUARwBlAG4AZQByAGEAdABvAHIAAAAAAEwAFgABAEMAbwBtAHAAYQBuAHkATgBhAG0AZQAAAAAATQBpAGMAcgBvAHMAbwBmAHQAIABDAG8AcgBwAG8AcgBhAHQAaQBvAG4AAABuACMAAQBGAGkAbABlAEQAZQBzAGMAcgBpAHAAdABpAG8AbgAAAAAAUwB5AHMAdABlAG0ALgBQAHIAaQB2AGEAdABlAC4AUwB0AGEAYwBrAFQAcgBhAGMAZQBHAGUAbgBlAHIAYQB0AG8AcgAAAAAAOgANAAEARgBpAGwAZQBWAGUAcgBzAGkAbwBuAAAAAAA0AC4ANgAuADIANwA5ADEAMwAuADAAMAAAAAAAbgAnAAEASQBuAHQAZQByAG4AYQBsAE4AYQBtAGUAAABTAHkAcwB0AGUAbQAuAFAAcgBpAHYAYQB0AGUALgBTAHQAYQBjAGsAVAByAGEAYwBlAEcAZQBuAGUAcgBhAHQAbwByAC4AZABsAGwAAAAAAIIALwABAEwAZQBnAGEAbABDAG8AcAB5AHIAaQBnAGgAdAAAAKkAIABNAGkAYwByAG8AcwBvAGYAdAAgAEMAbwByAHAAbwByAGEAdABpAG8AbgAuACAAIABBAGwAbAAgAHIAaQBnAGgAdABzACAAcgBlAHMAZQByAHYAZQBkAC4AAAAAAHYAJwABAE8AcgBpAGcAaQBuAGEAbABGAGkAbABlAG4AYQBtAGUAAABTAHkAcwB0AGUAbQAuAFAAcgBpAHYAYQB0AGUALgBTAHQAYQBjAGsAVAByAGEAYwBlAEcAZQBuAGUAcgBhAHQAbwByAC4AZABsAGwAAAAAAFQAGgABAFAAcgBvAGQAdQBjAHQATgBhAG0AZQAAAAAATQBpAGMAcgBvAHMAbwBmAHQArgAgAC4ATgBFAFQAIABGAHIAYQBtAGUAdwBvAHIAawAAAJgAOgABAFAAcgBvAGQAdQBjAHQAVgBlAHIAcwBpAG8AbgAAADQALgA2AC4AMgA3ADkAMQAzAC4AMAAwACAAYgB1AGkAbAB0ACAAYgB5ADoAIABkAGwAYQBiADEANAAtAEQARABCAEwARAAzADUANgBDAC4AIABDAG8AbQBtAGkAdAAgAEgAYQBzAGgAOgAgAE4ALwBBAAAAOAAIAAEAQQBzAHMAZQBtAGIAbAB5ACAAVgBlAHIAcwBpAG8AbgAAADQALgAwAC4AMAAuADAAAAA=","PDBPresent","","v4.0.30319"
"System.Runtime.CompilerServices.Unsafe, Version=4.0.4.0, Culture=neutral, PublicKeyToken=b03f5f7f11d50a3a","","1562629592","AAA=","PDBNotPresent","","v4.0.30319"
"System.Runtime.InteropServices.RuntimeInformation, Version=4.0.3.0, Culture=neutral, PublicKeyToken=b03f5f7f11d50a3a","","1562629561","+AU0AAAAVgBTAF8AVgBFAFIAUwBJAE8ATgBfAEkATgBGAE8AAAAAAL0E7/4AAAEABgAEAAEABW0AAAAAAAAAAD8AAAAAAAAABAAAAAIAAAAAAAAAAAAAAAAAAABEAAAAAQBWAGEAcgBGAGkAbABlAEkAbgBmAG8AAAAAACQABAAAAFQAcgBhAG4AcwBsAGEAdABpAG8AbgAAAAAAAACwBFgFAAABAFMAdAByAGkAbgBnAEYAaQBsAGUASQBuAGYAbwAAADQFAAABADAAMAAwADAAMAA0AGIAMAAAAHwAMgABAEMAbwBtAG0AZQBuAHQAcwAAAFMAeQBzAHQAZQBtAC4AUgB1AG4AdABpAG0AZQAuAEkAbgB0AGUAcgBvAHAAUwBlAHIAdgBpAGMAZQBzAC4AUgB1AG4AdABpAG0AZQBJAG4AZgBvAHIAbQBhAHQAaQBvAG4AAABMABYAAQBDAG8AbQBwAGEAbgB5AE4AYQBtAGUAAAAAAE0AaQBjAHIAbwBzAG8AZgB0ACAAQwBvAHIAcABvAHIAYQB0AGkAbwBuAAAAjAAyAAEARgBpAGwAZQBEAGUAcwBjAHIAaQBwAHQAaQBvAG4AAAAAAFMAeQBzAHQAZQBtAC4AUgB1AG4AdABpAG0AZQAuAEkAbgB0AGUAcgBvAHAAUwBlAHIAdgBpAGMAZQBzAC4AUgB1AG4AdABpAG0AZQBJAG4AZgBvAHIAbQBhAHQAaQBvAG4AAAA6AA0AAQBGAGkAbABlAFYAZQByAHMAaQBvAG4AAAAAADQALgA2AC4AMgA3ADkAMAA5AC4AMAAxAAAAAACMADYAAQBJAG4AdABlAHIAbgBhAGwATgBhAG0AZQAAAFMAeQBzAHQAZQBtAC4AUgB1AG4AdABpAG0AZQAuAEkAbgB0AGUAcgBvAHAAUwBlAHIAdgBpAGMAZQBzAC4AUgB1AG4AdABpAG0AZQBJAG4AZgBvAHIAbQBhAHQAaQBvAG4ALgBkAGwAbAAAAIAALgABAEwAZQBnAGEAbABDAG8AcAB5AHIAaQBnAGgAdAAAAKkAIABNAGkAYwByAG8AcwBvAGYAdAAgAEMAbwByAHAAbwByAGEAdABpAG8AbgAuACAAQQBsAGwAIAByAGkAZwBoAHQAcwAgAHIAZQBzAGUAcgB2AGUAZAAuAAAAlAA2AAEATwByAGkAZwBpAG4AYQBsAEYAaQBsAGUAbgBhAG0AZQAAAFMAeQBzAHQAZQBtAC4AUgB1AG4AdABpAG0AZQAuAEkAbgB0AGUAcgBvAHAAUwBlAHIAdgBpAGMAZQBzAC4AUgB1AG4AdABpAG0AZQBJAG4AZgBvAHIAbQBhAHQAaQBvAG4ALgBkAGwAbAAAAFQAGgABAFAAcgBvAGQAdQBjAHQATgBhAG0AZQAAAAAATQBpAGMAcgBvAHMAbwBmAHQArgAgAC4ATgBFAFQAIABGAHIAYQBtAGUAdwBvAHIAawAAAGABngABAFAAcgBvAGQAdQBjAHQAVgBlAHIAcwBpAG8AbgAAADQALgA2AC4AMgA3ADkAMAA5AC4AMAAxACAAQABCAHUAaQBsAHQAQgB5ADoAIABkAGwAYQBiADEANAAtAEQARABWAFMATwBXAEkATgBBAEcARQAwADcAOQAgAEAAQgByAGEAbgBjAGgAOgAgAHIAZQBsAGUAYQBzAGUALwB1AHcAcAA2AC4AMgAgAEAAUwByAGMAQwBvAGQAZQA6ACAAaAB0AHQAcABzADoALwAvAGcAaQB0AGgAdQBiAC4AYwBvAG0ALwBkAG8AdABuAGUAdAAvAGMAbwByAGUAZgB4AC8AdAByAGUAZQAvADQAYQA2ADkANQA4ADEAZgBjAGIANgAzAGIAYQBlADAAZgA3AGMAMwBjADQANQBkADgANwA2AGYANgA0ADQAMwBlADEANgAwAGEAMQA3ADQAAAA4AAgAAQBBAHMAcwBlAG0AYgBsAHkAIABWAGUAcgBzAGkAbwBuAAAANAAuADAALgAzAC4AMAAAAA==","PDBNotPresent","","v4.0.30319"
"System.Console, Version=4.1.1.0, Culture=neutral, PublicKeyToken=b03f5f7f11d50a3a","","1562629602","6AQ0AAAAVgBTAF8AVgBFAFIAUwBJAE8ATgBfAEkATgBGAE8AAAAAAL0E7/4AAAEABgAEAAEABW0AAAAAAAAAAD8AAAAAAAAABAAAAAIAAAAAAAAAAAAAAAAAAABEAAAAAQBWAGEAcgBGAGkAbABlAEkAbgBmAG8AAAAAACQABAAAAFQAcgBhAG4AcwBsAGEAdABpAG8AbgAAAAAAAACwBEgEAAABAFMAdAByAGkAbgBnAEYAaQBsAGUASQBuAGYAbwAAACQEAAABADAAMAAwADAAMAA0AGIAMAAAADYADwABAEMAbwBtAG0AZQBuAHQAcwAAAFMAeQBzAHQAZQBtAC4AQwBvAG4AcwBvAGwAZQAAAAAATAAWAAEAQwBvAG0AcABhAG4AeQBOAGEAbQBlAAAAAABNAGkAYwByAG8AcwBvAGYAdAAgAEMAbwByAHAAbwByAGEAdABpAG8AbgAAAEYADwABAEYAaQBsAGUARABlAHMAYwByAGkAcAB0AGkAbwBuAAAAAABTAHkAcwB0AGUAbQAuAEMAbwBuAHMAbwBsAGUAAAAAADoADQABAEYAaQBsAGUAVgBlAHIAcwBpAG8AbgAAAAAANAAuADYALgAyADcAOQAwADkALgAwADEAAAAAAEYAEwABAEkAbgB0AGUAcgBuAGEAbABOAGEAbQBlAAAAUwB5AHMAdABlAG0ALgBDAG8AbgBzAG8AbABlAC4AZABsAGwAAAAAAIAALgABAEwAZQBnAGEAbABDAG8AcAB5AHIAaQBnAGgAdAAAAKkAIABNAGkAYwByAG8AcwBvAGYAdAAgAEMAbwByAHAAbwByAGEAdABpAG8AbgAuACAAQQBsAGwAIAByAGkAZwBoAHQAcwAgAHIAZQBzAGUAcgB2AGUAZAAuAAAATgATAAEATwByAGkAZwBpAG4AYQBsAEYAaQBsAGUAbgBhAG0AZQAAAFMAeQBzAHQAZQBtAC4AQwBvAG4AcwBvAGwAZQAuAGQAbABsAAAAAABUABoAAQBQAHIAbwBkAHUAYwB0AE4AYQBtAGUAAAAAAE0AaQBjAHIAbwBzAG8AZgB0AK4AIAAuAE4ARQBUACAARgByAGEAbQBlAHcAbwByAGsAAABgAZ4AAQBQAHIAbwBkAHUAYwB0AFYAZQByAHMAaQBvAG4AAAA0AC4ANgAuADIANwA5ADAAOQAuADAAMQAgAEAAQgB1AGkAbAB0AEIAeQA6ACAAZABsAGEAYgAxADQALQBEAEQAVgBTAE8AVwBJAE4AQQBHAEUAMAA3ADkAIABAAEIAcgBhAG4AYwBoADoAIAByAGUAbABlAGEAcwBlAC8AdQB3AHAANgAuADIAIABAAFMAcgBjAEMAbwBkAGUAOgAgAGgAdAB0AHAAcwA6AC8ALwBnAGkAdABoAHUAYgAuAGMAbwBtAC8AZABvAHQAbgBlAHQALwBjAG8AcgBlAGYAeAAvAHQAcgBlAGUALwA0AGEANgA5ADUAOAAxAGYAYwBiADYAMwBiAGEAZQAwAGYANwBjADMAYwA0ADUAZAA4ADcANgBmADYANAA0ADMAZQAxADYAMABhADEANwA0AAAAOAAIAAEAQQBzAHMAZQBtAGIAbAB5ACAAVgBlAHIAcwBpAG8AbgAAADQALgAxAC4AMQAuADAAAAA=","PDBNotPresent","","v4.0.30319"
"HelloWorld.McgInterop, Version=0.0.0.0, Culture=neutral, PublicKeyToken=null","","1675097764","fAI0AAAAVgBTAF8AVgBFAFIAUwBJAE8ATgBfAEkATgBGAE8AAAAAAL0E7/4AAAEAAAAAAAAAAAAAAAAAAAAAAD8AAAAAAAAABAAAAAIAAAAAAAAAAAAAAAAAAABEAAAAAQBWAGEAcgBGAGkAbABlAEkAbgBmAG8AAAAAACQABAAAAFQAcgBhAG4AcwBsAGEAdABpAG8AbgAAAAAAAACwBNwBAAABAFMAdAByAGkAbgBnAEYAaQBsAGUASQBuAGYAbwAAALgBAAABADAAMAAwADAAMAA0AGIAMAAAACwAAgABAEYAaQBsAGUARABlAHMAYwByAGkAcAB0AGkAbwBuAAAAAAAgAAAAMAAIAAEARgBpAGwAZQBWAGUAcgBzAGkAbwBuAAAAAAAwAC4AMAAuADAALgAwAAAAVAAaAAEASQBuAHQAZQByAG4AYQBsAE4AYQBtAGUAAABIAGUAbABsAG8AVwBvAHIAbABkAC4ATQBjAGcASQBuAHQAZQByAG8AcAAuAGQAbABsAAAAKAACAAEATABlAGcAYQBsAEMAbwBwAHkAcgBpAGcAaAB0AAAAIAAAAFwAGgABAE8AcgBpAGcAaQBuAGEAbABGAGkAbABlAG4AYQBtAGUAAABIAGUAbABsAG8AVwBvAHIAbABkAC4ATQBjAGcASQBuAHQAZQByAG8AcAAuAGQAbABsAAAANAAIAAEAUAByAG8AZAB1AGMAdABWAGUAcgBzAGkAbwBuAAAAMAAuADAALgAwAC4AMAAAADgACAABAEEAcwBzAGUAbQBiAGwAeQAgAFYAZQByAHMAaQBvAG4AAAAwAC4AMAAuADAALgAwAAAA","PDBPresent","","v4.0.30319"
