"Message",Low,"Starting .NET Native compilation"
"Message",Low,""
"Message",Low,""
"Message",Low,"Task ""Gatekeeper"""
"Message",Normal,"Launching 'C:\Users\Steve\.nuget\packages\runtime.win10-x64.microsoft.net.native.compiler\2.2.7-rel-27913-00\tools\x64\ilc\ilc.exe --gatekeeper @""C:\Users\Steve\source\repos\HelloWorld\HelloWorld\obj\x64\Release\ilc\intermediate\gkargs.rsp""'"
"Message",Low,"Microsoft (R) .NET Native Gatekeeper Version 2.2.27913.00 "
"Message",Low,"Copyright (C) Microsoft Corporation.  All rights reserved. "
"Message",Low," "
"Message",Low,"Checking assembly 'C:\Users\Steve\source\repos\HelloWorld\HelloWorld\obj\x64\Release\ilc\in\HelloWorld.exe'. "
"Message",Low,"Checking assembly 'C:\Users\Steve\source\repos\HelloWorld\HelloWorld\obj\x64\Release\ilc\in\StereoKit.dll'. "
"Message",Low,"ILCTelemetry: System.ArgumentException: Could not deserialize to TelemetrySession object"
"Message",Low,"Parameter name: serializedSession ---> System.Runtime.Serialization.SerializationException: There was an error deserializing the object of type Microsoft.VisualStudio.Telemetry.TelemetrySessionSettings. The token '""' was expected but found 'I'. ---> System.Xml.XmlException: The token '""' was expected but found 'I'."
"Message",Low,"   at System.Xml.XmlExceptionHelper.ThrowXmlException(XmlDictionaryReader reader, String res, String arg1, String arg2, String arg3)"
"Message",Low,"   at System.Xml.XmlExceptionHelper.ThrowTokenExpected(XmlDictionaryReader reader, String expected, Char found)"
"Message",Low,"   at System.Runtime.Serialization.Json.XmlJsonReader.ReadServerTypeAttribute(Boolean consumedObjectChar)"
"Message",Low,"   at System.Runtime.Serialization.Json.XmlJsonReader.ReadAttributes()"
"Message",Low,"   at System.Runtime.Serialization.Json.XmlJsonReader.ReadNonExistentElementName(StringHandleConstStringType elementName)"
"Message",Low,"   at System.Runtime.Serialization.Json.XmlJsonReader.Read()"
"Message",Low,"   at System.Xml.XmlBaseReader.IsStartElement()"
"Message",Low,"   at System.Xml.XmlBaseReader.IsStartElement(XmlDictionaryString localName, XmlDictionaryString namespaceUri)"
"Message",Low,"   at System.Runtime.Serialization.XmlReaderDelegator.IsStartElement(XmlDictionaryString localname, XmlDictionaryString ns)"
"Message",Low,"   at System.Runtime.Serialization.XmlObjectSerializer.IsRootElement(XmlReaderDelegator reader, DataContract contract, XmlDictionaryString name, XmlDictionaryString ns)"
"Message",Low,"   at System.Runtime.Serialization.Json.DataContractJsonSerializer.InternalIsStartObject(XmlReaderDelegator reader)"
"Message",Low,"   at System.Runtime.Serialization.Json.DataContractJsonSerializer.InternalReadObject(XmlReaderDelegator xmlReader, Boolean verifyObjectName)"
"Message",Low,"   at System.Runtime.Serialization.XmlObjectSerializer.InternalReadObject(XmlReaderDelegator reader, Boolean verifyObjectName, DataContractResolver dataContractResolver)"
"Message",Low,"   at System.Runtime.Serialization.XmlObjectSerializer.ReadObjectHandleExceptions(XmlReaderDelegator reader, Boolean verifyObjectName, DataContractResolver dataContractResolver)"
"Message",Low,"   --- End of inner exception stack trace ---"
"Message",Low,"   at System.Runtime.Serialization.XmlObjectSerializer.ReadObjectHandleExceptions(XmlReaderDelegator reader, Boolean verifyObjectName, DataContractResolver dataContractResolver)"
"Message",Low,"   at System.Runtime.Serialization.Json.DataContractJsonSerializer.ReadObject(XmlDictionaryReader reader)"
"Message",Low,"   at System.Runtime.Serialization.Json.DataContractJsonSerializer.ReadObject(Stream stream)"
"Message",Low,"   at Microsoft.VisualStudio.Telemetry.TelemetrySessionSettings.Deserialize(String settings)"
"Message",Low,"   at Microsoft.VisualStudio.Telemetry.TelemetrySessionSettings.Parse(String serializedSession)"
"Message",Low,"   --- End of inner exception stack trace ---"
"Message",Low,"   at Microsoft.VisualStudio.Telemetry.TelemetrySessionSettings.Parse(String serializedSession)"
"Message",Low,"   at ILCTelemetry.Program.ReadEvents()"
"Message",Low,"   at ILCTelemetry.Program.Main(String[] args)"
"Message",Normal,"'C:\Users\Steve\.nuget\packages\runtime.win10-x64.microsoft.net.native.compiler\2.2.7-rel-27913-00\tools\x64\ilc\ilc.exe --gatekeeper @""C:\Users\Steve\source\repos\HelloWorld\HelloWorld\obj\x64\Release\ilc\intermediate\gkargs.rsp""' completed."
"Message",Normal,"Process execution statistics (all times in milliseconds)"
"Message",Normal,"-----------------------------------------------------------------------------"
"Message",Normal,"launch  |  start   |   stop   |   end    | duration | lifetime | [slot] name"
"Message",Normal,"-----------------------------------------------------------------------------"
"Message",Normal,"       0 |       16 |      375 |      375 |      359 |      375 | [0] Gatekeeper"
"Message",Normal,"Number of commands:      1"
"Message",Normal,"Total system time:       375 ms"
"Message",Normal,"System time per command: 375 ms"
"Message",Normal,"Total duration:          359 ms"
"Message",Normal,"Total lifetime:          375 ms"
"Message",Normal,"Requested DOP:           4"
"Message",Normal,"Duration DOP:            1.0"
"Message",Normal,"Lifetime DOP:            1.0"
"Message",Low,"Done executing task ""Gatekeeper""."
"Message",Low,"Done building target ""RunGatekeeper"" in file ""Preparation""."
"Message",Low,""
"Message",Low,"Done building target ""CreateToolchainGeneratedAssembly"" in file ""Preparation""."
"Message",Low,""
"Message",Low,"Task ""PreMergeAssemblyClosure"""
"Message",Low,"Done executing task ""PreMergeAssemblyClosure""."
"Message",Low,"Done building target ""ConstructPreMergeAssemblyClosure"" in file ""Preparation""."
"Message",Low,""
"Message",Low,"Task ""McgReferenceResolveFilePath"""
"Message",Low,"Done executing task ""McgReferenceResolveFilePath""."
"Message",Low,"Done building target ""PreResolveTransforms"" in file ""Preparation""."
"Message",Low,""
"Message",Low,"Task ""ResolveToolchainRequiredAssemblyRoots"""
"Message",Low,"Done executing task ""ResolveToolchainRequiredAssemblyRoots""."
"Message",Low,"Task ""ILTransformAssemblyClosure"""
"Message",Low,"Done executing task ""ILTransformAssemblyClosure""."
"Message",Low,"Task ""ResolveToolchainRequiredAssemblyRoots"""
"Message",Low,"Done executing task ""ResolveToolchainRequiredAssemblyRoots""."
"Message",Low,"Task ""ReducedCopyAssemblyClosure"""
"Message",Low,"Done executing task ""ReducedCopyAssemblyClosure""."
"Message",Low,"Done building target ""ConstructILTransformAssemblyClosure"" in file ""Preparation""."
"Message",Low,"Done building project ""Preparation""."
"Message",Low,""
"Message",Low,""
"Message",High,"Processing application code"
"Message",Low,"Task ""RunILTransforms"""
"Message",Normal,"Running 'DumpNativeResources' transform, heap at 143 MB."
"Message",Normal,"Running 'Analysis' transform, heap at 157 MB."
"Message",Low,"Loading 52 modules..."
"Message",Normal,"Imported reflection directives from 7 files:"
"Message",Normal,"C:\Users\Steve\source\repos\HelloWorld\HelloWorld\obj\x64\Release\ilc\in\Properties\Default.rd.xml"
"Message",Normal,"Embedded manifest in System.Private.Interop: Resources.System.Private.Interop.rd.xml"
"Message",Normal,"Embedded manifest in System.Private.WinRTInterop.CoreLib: Resources.System.Private.WinRTInterop.CoreLib.rd.xml"
"Message",Normal,"Embedded manifest in System.Runtime.WindowsRuntime.UI.Xaml: Resources.System.Runtime.WindowsRuntime.UI.Xaml.rd.xml"
"Message",Normal,"Embedded manifest in System.Private.CoreLib: Resources.System.Private.CoreLib.rd.xml"
"Message",Normal,"Embedded manifest in System.Private.Uri: Resources.System.Private.Uri.rd.xml"
"Message",Normal,"Embedded manifest in System.Private.Reflection.Core: System.Private.Reflection.Core.rd.xml"
"Message",Normal,"Running 'Mcg' transform, heap at 318 MB."
"Message",High,"Computing application closure and generating interop code"
"Message",High,"  Loading 52 modules..."
"Message",Normal,"          P/Invoke 'sk_init' resolved to 'sk_init!StereoKitC' from 'StereoKitC'."
"Message",Normal,"          P/Invoke 'sk_set_window' resolved to 'sk_set_window!StereoKitC' from 'StereoKitC'."
"Message",Normal,"          P/Invoke 'sk_set_window_xam' resolved to 'sk_set_window_xam!StereoKitC' from 'StereoKitC'."
"Message",Normal,"          P/Invoke 'sk_shutdown' resolved to 'sk_shutdown!StereoKitC' from 'StereoKitC'."
"Message",Normal,"          P/Invoke 'sk_quit' resolved to 'sk_quit!StereoKitC' from 'StereoKitC'."
"Message",Normal,"          P/Invoke 'sk_step' resolved to 'sk_step!StereoKitC' from 'StereoKitC'."
"Message",Normal,"          P/Invoke 'sk_run' resolved to 'sk_run!StereoKitC' from 'StereoKitC'."
"Message",Normal,"          P/Invoke 'sk_active_display_mode' resolved to 'sk_active_display_mode!StereoKitC' from 'StereoKitC'."
"Message",Normal,"          P/Invoke 'sk_system_info' resolved to 'sk_system_info!StereoKitC' from 'StereoKitC'."
"Message",Normal,"          P/Invoke 'sk_version_name' resolved to 'sk_version_name!StereoKitC' from 'StereoKitC'."
"Message",Normal,"          P/Invoke 'sk_version_id' resolved to 'sk_version_id!StereoKitC' from 'StereoKitC'."
"Message",Normal,"          P/Invoke 'sk_app_focus' resolved to 'sk_app_focus!StereoKitC' from 'StereoKitC'."
"Message",Normal,"          P/Invoke 'time_getf_unscaled' resolved to 'time_getf_unscaled!StereoKitC' from 'StereoKitC'."
"Message",Normal,"          P/Invoke 'time_get_unscaled' resolved to 'time_get_unscaled!StereoKitC' from 'StereoKitC'."
"Message",Normal,"          P/Invoke 'time_getf' resolved to 'time_getf!StereoKitC' from 'StereoKitC'."
"Message",Normal,"          P/Invoke 'time_get' resolved to 'time_get!StereoKitC' from 'StereoKitC'."
"Message",Normal,"          P/Invoke 'time_elapsedf_unscaled' resolved to 'time_elapsedf_unscaled!StereoKitC' from 'StereoKitC'."
"Message",Normal,"          P/Invoke 'time_elapsed_unscaled' resolved to 'time_elapsed_unscaled!StereoKitC' from 'StereoKitC'."
"Message",Normal,"          P/Invoke 'time_elapsedf' resolved to 'time_elapsedf!StereoKitC' from 'StereoKitC'."
"Message",Normal,"          P/Invoke 'time_elapsed' resolved to 'time_elapsed!StereoKitC' from 'StereoKitC'."
"Message",Normal,"          P/Invoke 'time_scale' resolved to 'time_scale!StereoKitC' from 'StereoKitC'."
"Message",Normal,"          P/Invoke 'time_set_time' resolved to 'time_set_time!StereoKitC' from 'StereoKitC'."
"Message",Normal,"          P/Invoke 'quat_difference' resolved to 'quat_difference!StereoKitC' from 'StereoKitC'."
"Message",Normal,"          P/Invoke 'quat_lookat' resolved to 'quat_lookat!StereoKitC' from 'StereoKitC'."
"Message",Normal,"          P/Invoke 'quat_lookat_up' resolved to 'quat_lookat_up!StereoKitC' from 'StereoKitC'."
"Message",Normal,"          P/Invoke 'matrix_transform_pose' resolved to 'matrix_transform_pose!StereoKitC' from 'StereoKitC'."
"Message",Normal,"          P/Invoke 'matrix_trs' resolved to 'matrix_trs!StereoKitC' from 'StereoKitC'."
"Message",Normal,"          P/Invoke 'matrix_extract_scale' resolved to 'matrix_extract_scale!StereoKitC' from 'StereoKitC'."
"Message",Normal,"          P/Invoke 'matrix_extract_rotation' resolved to 'matrix_extract_rotation!StereoKitC' from 'StereoKitC'."
"Message",Normal,"          P/Invoke 'matrix_extract_pose' resolved to 'matrix_extract_pose!StereoKitC' from 'StereoKitC'."
"Message",Normal,"          P/Invoke 'plane_ray_intersect' resolved to 'plane_ray_intersect!StereoKitC' from 'StereoKitC'."
"Message",Normal,"          P/Invoke 'plane_line_intersect' resolved to 'plane_line_intersect!StereoKitC' from 'StereoKitC'."
"Message",Normal,"          P/Invoke 'plane_point_closest' resolved to 'plane_point_closest!StereoKitC' from 'StereoKitC'."
"Message",Normal,"          P/Invoke 'sphere_ray_intersect' resolved to 'sphere_ray_intersect!StereoKitC' from 'StereoKitC'."
"Message",Normal,"          P/Invoke 'sphere_point_contains' resolved to 'sphere_point_contains!StereoKitC' from 'StereoKitC'."
"Message",Normal,"          P/Invoke 'bounds_ray_intersect' resolved to 'bounds_ray_intersect!StereoKitC' from 'StereoKitC'."
"Message",Normal,"          P/Invoke 'bounds_point_contains' resolved to 'bounds_point_contains!StereoKitC' from 'StereoKitC'."
"Message",Normal,"          P/Invoke 'bounds_line_contains' resolved to 'bounds_line_contains!StereoKitC' from 'StereoKitC'."
"Message",Normal,"          P/Invoke 'bounds_capsule_contains' resolved to 'bounds_capsule_contains!StereoKitC' from 'StereoKitC'."
"Message",Normal,"          P/Invoke 'ray_point_closest' resolved to 'ray_point_closest!StereoKitC' from 'StereoKitC'."
"Message",Normal,"          P/Invoke 'color_hsv' resolved to 'color_hsv!StereoKitC' from 'StereoKitC'."
"Message",Normal,"          P/Invoke 'color_to_hsv' resolved to 'color_to_hsv!StereoKitC' from 'StereoKitC'."
"Message",Normal,"          P/Invoke 'color_lab' resolved to 'color_lab!StereoKitC' from 'StereoKitC'."
"Message",Normal,"          P/Invoke 'color_to_lab' resolved to 'color_to_lab!StereoKitC' from 'StereoKitC'."
"Message",Normal,"          P/Invoke 'color_to_linear' resolved to 'color_to_linear!StereoKitC' from 'StereoKitC'."
"Message",Normal,"          P/Invoke 'color_to_gamma' resolved to 'color_to_gamma!StereoKitC' from 'StereoKitC'."
"Message",Normal,"          P/Invoke 'gradient_create' resolved to 'gradient_create!StereoKitC' from 'StereoKitC'."
"Message",Normal,"          P/Invoke 'gradient_create_keys' resolved to 'gradient_create_keys!StereoKitC' from 'StereoKitC'."
"Message",Normal,"          P/Invoke 'gradient_add' resolved to 'gradient_add!StereoKitC' from 'StereoKitC'."
"Message",Normal,"          P/Invoke 'gradient_set' resolved to 'gradient_set!StereoKitC' from 'StereoKitC'."
"Message",Normal,"          P/Invoke 'gradient_remove' resolved to 'gradient_remove!StereoKitC' from 'StereoKitC'."
"Message",Normal,"          P/Invoke 'gradient_count' resolved to 'gradient_count!StereoKitC' from 'StereoKitC'."
"Message",Normal,"          P/Invoke 'gradient_get' resolved to 'gradient_get!StereoKitC' from 'StereoKitC'."
"Message",Normal,"          P/Invoke 'gradient_get32' resolved to 'gradient_get32!StereoKitC' from 'StereoKitC'."
"Message",Normal,"          P/Invoke 'gradient_release' resolved to 'gradient_release!StereoKitC' from 'StereoKitC'."
"Message",Normal,"          P/Invoke 'sh_create' resolved to 'sh_create!StereoKitC' from 'StereoKitC'."
"Message",Normal,"          P/Invoke 'sh_brightness' resolved to 'sh_brightness!StereoKitC' from 'StereoKitC'."
"Message",Normal,"          P/Invoke 'sh_add' resolved to 'sh_add!StereoKitC' from 'StereoKitC'."
"Message",Normal,"          P/Invoke 'sh_lookup' resolved to 'sh_lookup!StereoKitC' from 'StereoKitC'."
"Message",Normal,"          P/Invoke 'sh_dominant_dir' resolved to 'sh_dominant_dir!StereoKitC' from 'StereoKitC'."
"Message",Normal,"          P/Invoke 'mesh_find' resolved to 'mesh_find!StereoKitC' from 'StereoKitC'."
"Message",Normal,"          P/Invoke 'mesh_create' resolved to 'mesh_create!StereoKitC' from 'StereoKitC'."
"Message",Normal,"          P/Invoke 'mesh_set_id' resolved to 'mesh_set_id!StereoKitC' from 'StereoKitC'."
"Message",Normal,"          P/Invoke 'mesh_addref' resolved to 'mesh_addref!StereoKitC' from 'StereoKitC'."
"Message",Normal,"          P/Invoke 'mesh_release' resolved to 'mesh_release!StereoKitC' from 'StereoKitC'."
"Message",Normal,"          P/Invoke 'mesh_set_keep_data' resolved to 'mesh_set_keep_data!StereoKitC' from 'StereoKitC'."
"Message",Normal,"          P/Invoke 'mesh_get_keep_data' resolved to 'mesh_get_keep_data!StereoKitC' from 'StereoKitC'."
"Message",Normal,"          P/Invoke 'mesh_set_verts' resolved to 'mesh_set_verts!StereoKitC' from 'StereoKitC'."
"Message",Normal,"          P/Invoke 'mesh_get_verts' resolved to 'mesh_get_verts!StereoKitC' from 'StereoKitC'."
"Message",Normal,"          P/Invoke 'mesh_get_vert_count' resolved to 'mesh_get_vert_count!StereoKitC' from 'StereoKitC'."
"Message",Normal,"          P/Invoke 'mesh_set_inds' resolved to 'mesh_set_inds!StereoKitC' from 'StereoKitC'."
"Message",Normal,"          P/Invoke 'mesh_get_inds' resolved to 'mesh_get_inds!StereoKitC' from 'StereoKitC'."
"Message",Normal,"          P/Invoke 'mesh_get_ind_count' resolved to 'mesh_get_ind_count!StereoKitC' from 'StereoKitC'."
"Message",Normal,"          P/Invoke 'mesh_set_draw_inds' resolved to 'mesh_set_draw_inds!StereoKitC' from 'StereoKitC'."
"Message",Normal,"          P/Invoke 'mesh_set_bounds' resolved to 'mesh_set_bounds!StereoKitC' from 'StereoKitC'."
"Message",Normal,"          P/Invoke 'mesh_get_bounds' resolved to 'mesh_get_bounds!StereoKitC' from 'StereoKitC'."
"Message",Normal,"          P/Invoke 'mesh_ray_intersect' resolved to 'mesh_ray_intersect!StereoKitC' from 'StereoKitC'."
"Message",Normal,"          P/Invoke 'mesh_ray_intersect' resolved to 'mesh_ray_intersect!StereoKitC' from 'StereoKitC'."
"Message",Normal,"          P/Invoke 'mesh_get_triangle' resolved to 'mesh_get_triangle!StereoKitC' from 'StereoKitC'."
"Message",Normal,"          P/Invoke 'mesh_gen_plane' resolved to 'mesh_gen_plane!StereoKitC' from 'StereoKitC'."
"Message",Normal,"          P/Invoke 'mesh_gen_cube' resolved to 'mesh_gen_cube!StereoKitC' from 'StereoKitC'."
"Message",Normal,"          P/Invoke 'mesh_gen_sphere' resolved to 'mesh_gen_sphere!StereoKitC' from 'StereoKitC'."
"Message",Normal,"          P/Invoke 'mesh_gen_rounded_cube' resolved to 'mesh_gen_rounded_cube!StereoKitC' from 'StereoKitC'."
"Message",Normal,"          P/Invoke 'mesh_gen_cylinder' resolved to 'mesh_gen_cylinder!StereoKitC' from 'StereoKitC'."
"Message",Normal,"          P/Invoke 'tex_find' resolved to 'tex_find!StereoKitC' from 'StereoKitC'."
"Message",Normal,"          P/Invoke 'tex_create' resolved to 'tex_create!StereoKitC' from 'StereoKitC'."
"Message",Normal,"          P/Invoke 'tex_create_color32' resolved to 'tex_create_color32!StereoKitC' from 'StereoKitC'."
"Message",Normal,"          P/Invoke 'tex_create_color128' resolved to 'tex_create_color128!StereoKitC' from 'StereoKitC'."
"Message",Normal,"          P/Invoke 'tex_create_mem' resolved to 'tex_create_mem!StereoKitC' from 'StereoKitC'."
"Message",Normal,"          P/Invoke 'tex_create_file' resolved to 'tex_create_file!StereoKitC' from 'StereoKitC'."
"Message",Normal,"          P/Invoke 'tex_create_file_arr' resolved to 'tex_create_file_arr!StereoKitC' from 'StereoKitC'."
"Message",Normal,"          P/Invoke 'tex_create_cubemap_file' resolved to 'tex_create_cubemap_file!StereoKitC' from 'StereoKitC'."
"Message",Normal,"          P/Invoke 'tex_create_cubemap_file' resolved to 'tex_create_cubemap_file!StereoKitC' from 'StereoKitC'."
"Message",Normal,"          P/Invoke 'tex_create_cubemap_files' resolved to 'tex_create_cubemap_files!StereoKitC' from 'StereoKitC'."
"Message",Normal,"          P/Invoke 'tex_create_cubemap_files' resolved to 'tex_create_cubemap_files!StereoKitC' from 'StereoKitC'."
"Message",Normal,"          P/Invoke 'tex_set_id' resolved to 'tex_set_id!StereoKitC' from 'StereoKitC'."
"Message",Normal,"          P/Invoke 'tex_set_fallback' resolved to 'tex_set_fallback!StereoKitC' from 'StereoKitC'."
"Message",Normal,"          P/Invoke 'tex_release' resolved to 'tex_release!StereoKitC' from 'StereoKitC'."
"Message",Normal,"          P/Invoke 'tex_addref' resolved to 'tex_addref!StereoKitC' from 'StereoKitC'."
"Message",Normal,"          P/Invoke 'tex_asset_state' resolved to 'tex_asset_state!StereoKitC' from 'StereoKitC'."
"Message",Normal,"          P/Invoke 'tex_on_load' resolved to 'tex_on_load!StereoKitC' from 'StereoKitC'."
"Message",Normal,"          P/Invoke 'tex_on_load_remove' resolved to 'tex_on_load_remove!StereoKitC' from 'StereoKitC'."
"Message",Normal,"          P/Invoke 'tex_set_colors' resolved to 'tex_set_colors!StereoKitC' from 'StereoKitC'."
"Message",Normal,"          P/Invoke 'tex_set_colors' resolved to 'tex_set_colors!StereoKitC' from 'StereoKitC'."
"Message",Normal,"          P/Invoke 'tex_set_colors' resolved to 'tex_set_colors!StereoKitC' from 'StereoKitC'."
"Message",Normal,"          P/Invoke 'tex_set_colors' resolved to 'tex_set_colors!StereoKitC' from 'StereoKitC'."
"Message",Normal,"          P/Invoke 'tex_set_colors' resolved to 'tex_set_colors!StereoKitC' from 'StereoKitC'."
"Message",Normal,"          P/Invoke 'tex_set_colors' resolved to 'tex_set_colors!StereoKitC' from 'StereoKitC'."
"Message",Normal,"          P/Invoke 'tex_set_surface' resolved to 'tex_set_surface!StereoKitC' from 'StereoKitC'."
"Message",Normal,"          P/Invoke 'tex_add_zbuffer' resolved to 'tex_add_zbuffer!StereoKitC' from 'StereoKitC'."
"Message",Normal,"          P/Invoke 'tex_get_data' resolved to 'tex_get_data!StereoKitC' from 'StereoKitC'."
"Message",Normal,"          P/Invoke 'tex_gen_color' resolved to 'tex_gen_color!StereoKitC' from 'StereoKitC'."
"Message",Normal,"          P/Invoke 'tex_gen_cubemap' resolved to 'tex_gen_cubemap!StereoKitC' from 'StereoKitC'."
"Message",Normal,"          P/Invoke 'tex_gen_cubemap' resolved to 'tex_gen_cubemap!StereoKitC' from 'StereoKitC'."
"Message",Normal,"          P/Invoke 'tex_gen_cubemap_sh' resolved to 'tex_gen_cubemap_sh!StereoKitC' from 'StereoKitC'."
"Message",Normal,"          P/Invoke 'tex_get_format' resolved to 'tex_get_format!StereoKitC' from 'StereoKitC'."
"Message",Normal,"          P/Invoke 'tex_get_width' resolved to 'tex_get_width!StereoKitC' from 'StereoKitC'."
"Message",Normal,"          P/Invoke 'tex_get_height' resolved to 'tex_get_height!StereoKitC' from 'StereoKitC'."
"Message",Normal,"          P/Invoke 'tex_set_sample' resolved to 'tex_set_sample!StereoKitC' from 'StereoKitC'."
"Message",Normal,"          P/Invoke 'tex_get_sample' resolved to 'tex_get_sample!StereoKitC' from 'StereoKitC'."
"Message",Normal,"          P/Invoke 'tex_set_address' resolved to 'tex_set_address!StereoKitC' from 'StereoKitC'."
"Message",Normal,"          P/Invoke 'tex_get_address' resolved to 'tex_get_address!StereoKitC' from 'StereoKitC'."
"Message",Normal,"          P/Invoke 'tex_set_anisotropy' resolved to 'tex_set_anisotropy!StereoKitC' from 'StereoKitC'."
"Message",Normal,"          P/Invoke 'tex_get_anisotropy' resolved to 'tex_get_anisotropy!StereoKitC' from 'StereoKitC'."
"Message",Normal,"          P/Invoke 'tex_set_loading_fallback' resolved to 'tex_set_loading_fallback!StereoKitC' from 'StereoKitC'."
"Message",Normal,"          P/Invoke 'tex_set_error_fallback' resolved to 'tex_set_error_fallback!StereoKitC' from 'StereoKitC'."
"Message",Normal,"          P/Invoke 'tex_get_cubemap_lighting' resolved to 'tex_get_cubemap_lighting!StereoKitC' from 'StereoKitC'."
"Message",Normal,"          P/Invoke 'font_find' resolved to 'font_find!StereoKitC' from 'StereoKitC'."
"Message",Normal,"          P/Invoke 'font_create' resolved to 'font_create!StereoKitC' from 'StereoKitC'."
"Message",Normal,"          P/Invoke 'font_create_files' resolved to 'font_create_files!StereoKitC' from 'StereoKitC'."
"Message",Normal,"          P/Invoke 'font_release' resolved to 'font_release!StereoKitC' from 'StereoKitC'."
"Message",Normal,"          P/Invoke 'font_get_tex' resolved to 'font_get_tex!StereoKitC' from 'StereoKitC'."
"Message",Normal,"          P/Invoke 'shader_find' resolved to 'shader_find!StereoKitC' from 'StereoKitC'."
"Message",Normal,"          P/Invoke 'shader_create_file' resolved to 'shader_create_file!StereoKitC' from 'StereoKitC'."
"Message",Normal,"          P/Invoke 'shader_create_mem' resolved to 'shader_create_mem!StereoKitC' from 'StereoKitC'."
"Message",Normal,"          P/Invoke 'shader_set_id' resolved to 'shader_set_id!StereoKitC' from 'StereoKitC'."
"Message",Normal,"          P/Invoke 'shader_get_name' resolved to 'shader_get_name!StereoKitC' from 'StereoKitC'."
"Message",Normal,"          P/Invoke 'shader_release' resolved to 'shader_release!StereoKitC' from 'StereoKitC'."
"Message",Normal,"          P/Invoke 'material_find' resolved to 'material_find!StereoKitC' from 'StereoKitC'."
"Message",Normal,"          P/Invoke 'material_create' resolved to 'material_create!StereoKitC' from 'StereoKitC'."
"Message",Normal,"          P/Invoke 'material_copy' resolved to 'material_copy!StereoKitC' from 'StereoKitC'."
"Message",Normal,"          P/Invoke 'material_copy_id' resolved to 'material_copy_id!StereoKitC' from 'StereoKitC'."
"Message",Normal,"          P/Invoke 'material_set_id' resolved to 'material_set_id!StereoKitC' from 'StereoKitC'."
"Message",Normal,"          P/Invoke 'material_release' resolved to 'material_release!StereoKitC' from 'StereoKitC'."
"Message",Normal,"          P/Invoke 'material_set_transparency' resolved to 'material_set_transparency!StereoKitC' from 'StereoKitC'."
"Message",Normal,"          P/Invoke 'material_set_cull' resolved to 'material_set_cull!StereoKitC' from 'StereoKitC'."
"Message",Normal,"          P/Invoke 'material_set_wireframe' resolved to 'material_set_wireframe!StereoKitC' from 'StereoKitC'."
"Message",Normal,"          P/Invoke 'material_set_depth_test' resolved to 'material_set_depth_test!StereoKitC' from 'StereoKitC'."
"Message",Normal,"          P/Invoke 'material_set_depth_write' resolved to 'material_set_depth_write!StereoKitC' from 'StereoKitC'."
"Message",Normal,"          P/Invoke 'material_set_queue_offset' resolved to 'material_set_queue_offset!StereoKitC' from 'StereoKitC'."
"Message",Normal,"          P/Invoke 'material_get_transparency' resolved to 'material_get_transparency!StereoKitC' from 'StereoKitC'."
"Message",Normal,"          P/Invoke 'material_get_cull' resolved to 'material_get_cull!StereoKitC' from 'StereoKitC'."
"Message",Normal,"          P/Invoke 'material_get_wireframe' resolved to 'material_get_wireframe!StereoKitC' from 'StereoKitC'."
"Message",Normal,"          P/Invoke 'material_get_depth_test' resolved to 'material_get_depth_test!StereoKitC' from 'StereoKitC'."
"Message",Normal,"          P/Invoke 'material_get_depth_write' resolved to 'material_get_depth_write!StereoKitC' from 'StereoKitC'."
"Message",Normal,"          P/Invoke 'material_get_queue_offset' resolved to 'material_get_queue_offset!StereoKitC' from 'StereoKitC'."
"Message",Normal,"          P/Invoke 'material_set_float' resolved to 'material_set_float!StereoKitC' from 'StereoKitC'."
"Message",Normal,"          P/Invoke 'material_set_color' resolved to 'material_set_color!StereoKitC' from 'StereoKitC'."
"Message",Normal,"          P/Invoke 'material_set_vector4' resolved to 'material_set_vector4!StereoKitC' from 'StereoKitC'."
"Message",Normal,"          P/Invoke 'material_set_vector3' resolved to 'material_set_vector3!StereoKitC' from 'StereoKitC'."
"Message",Normal,"          P/Invoke 'material_set_vector2' resolved to 'material_set_vector2!StereoKitC' from 'StereoKitC'."
"Message",Normal,"          P/Invoke 'material_set_int' resolved to 'material_set_int!StereoKitC' from 'StereoKitC'."
"Message",Normal,"          P/Invoke 'material_set_int2' resolved to 'material_set_int2!StereoKitC' from 'StereoKitC'."
"Message",Normal,"          P/Invoke 'material_set_int3' resolved to 'material_set_int3!StereoKitC' from 'StereoKitC'."
"Message",Normal,"          P/Invoke 'material_set_int4' resolved to 'material_set_int4!StereoKitC' from 'StereoKitC'."
"Message",Normal,"          P/Invoke 'material_set_bool' resolved to 'material_set_bool!StereoKitC' from 'StereoKitC'."
"Message",Normal,"          P/Invoke 'material_set_uint' resolved to 'material_set_uint!StereoKitC' from 'StereoKitC'."
"Message",Normal,"          P/Invoke 'material_set_uint2' resolved to 'material_set_uint2!StereoKitC' from 'StereoKitC'."
"Message",Normal,"          P/Invoke 'material_set_uint3' resolved to 'material_set_uint3!StereoKitC' from 'StereoKitC'."
"Message",Normal,"          P/Invoke 'material_set_uint4' resolved to 'material_set_uint4!StereoKitC' from 'StereoKitC'."
"Message",Normal,"          P/Invoke 'material_set_matrix' resolved to 'material_set_matrix!StereoKitC' from 'StereoKitC'."
"Message",Normal,"          P/Invoke 'material_set_texture' resolved to 'material_set_texture!StereoKitC' from 'StereoKitC'."
"Message",Normal,"          P/Invoke 'material_set_texture_id' resolved to 'material_set_texture_id!StereoKitC' from 'StereoKitC'."
"Message",Normal,"          P/Invoke 'material_set_param' resolved to 'material_set_param!StereoKitC' from 'StereoKitC'."
"Message",Normal,"          P/Invoke 'material_get_param_info' resolved to 'material_get_param_info!StereoKitC' from 'StereoKitC'."
"Message",Normal,"          P/Invoke 'material_get_param_count' resolved to 'material_get_param_count!StereoKitC' from 'StereoKitC'."
"Message",Normal,"          P/Invoke 'material_set_shader' resolved to 'material_set_shader!StereoKitC' from 'StereoKitC'."
"Message",Normal,"          P/Invoke 'material_get_shader' resolved to 'material_get_shader!StereoKitC' from 'StereoKitC'."
"Message",Normal,"          P/Invoke 'material_buffer_create' resolved to 'material_buffer_create!StereoKitC' from 'StereoKitC'."
"Message",Normal,"          P/Invoke 'material_buffer_set_data' resolved to 'material_buffer_set_data!StereoKitC' from 'StereoKitC'."
"Message",Normal,"          P/Invoke 'material_buffer_release' resolved to 'material_buffer_release!StereoKitC' from 'StereoKitC'."
"Message",Normal,"          P/Invoke 'text_make_style' resolved to 'text_make_style!StereoKitC' from 'StereoKitC'."
"Message",Normal,"          P/Invoke 'text_make_style_shader' resolved to 'text_make_style_shader!StereoKitC' from 'StereoKitC'."
"Message",Normal,"          P/Invoke 'text_make_style_mat' resolved to 'text_make_style_mat!StereoKitC' from 'StereoKitC'."
"Message",Normal,"          P/Invoke 'text_add_at_16' resolved to 'text_add_at_16!StereoKitC' from 'StereoKitC'."
"Message",Normal,"          P/Invoke 'text_add_in_16' resolved to 'text_add_in_16!StereoKitC' from 'StereoKitC'."
"Message",Normal,"          P/Invoke 'text_size_16' resolved to 'text_size_16!StereoKitC' from 'StereoKitC'."
"Message",Normal,"          P/Invoke 'text_style_get_material' resolved to 'text_style_get_material!StereoKitC' from 'StereoKitC'."
"Message",Normal,"          P/Invoke 'text_style_get_char_height' resolved to 'text_style_get_char_height!StereoKitC' from 'StereoKitC'."
"Message",Normal,"          P/Invoke 'solid_create' resolved to 'solid_create!StereoKitC' from 'StereoKitC'."
"Message",Normal,"          P/Invoke 'solid_release' resolved to 'solid_release!StereoKitC' from 'StereoKitC'."
"Message",Normal,"          P/Invoke 'solid_add_sphere' resolved to 'solid_add_sphere!StereoKitC' from 'StereoKitC'."
"Message",Normal,"          P/Invoke 'solid_add_box' resolved to 'solid_add_box!StereoKitC' from 'StereoKitC'."
"Message",Normal,"          P/Invoke 'solid_add_capsule' resolved to 'solid_add_capsule!StereoKitC' from 'StereoKitC'."
"Message",Normal,"          P/Invoke 'solid_set_type' resolved to 'solid_set_type!StereoKitC' from 'StereoKitC'."
"Message",Normal,"          P/Invoke 'solid_set_enabled' resolved to 'solid_set_enabled!StereoKitC' from 'StereoKitC'."
"Message",Normal,"          P/Invoke 'solid_move' resolved to 'solid_move!StereoKitC' from 'StereoKitC'."
"Message",Normal,"          P/Invoke 'solid_teleport' resolved to 'solid_teleport!StereoKitC' from 'StereoKitC'."
"Message",Normal,"          P/Invoke 'solid_set_velocity' resolved to 'solid_set_velocity!StereoKitC' from 'StereoKitC'."
"Message",Normal,"          P/Invoke 'solid_set_velocity_ang' resolved to 'solid_set_velocity_ang!StereoKitC' from 'StereoKitC'."
"Message",Normal,"          P/Invoke 'solid_get_pose' resolved to 'solid_get_pose!StereoKitC' from 'StereoKitC'."
"Message",Normal,"          P/Invoke 'model_find' resolved to 'model_find!StereoKitC' from 'StereoKitC'."
"Message",Normal,"          P/Invoke 'model_copy' resolved to 'model_copy!StereoKitC' from 'StereoKitC'."
"Message",Normal,"          P/Invoke 'model_create' resolved to 'model_create!StereoKitC' from 'StereoKitC'."
"Message",Normal,"          P/Invoke 'model_create_mesh' resolved to 'model_create_mesh!StereoKitC' from 'StereoKitC'."
"Message",Normal,"          P/Invoke 'model_create_mem' resolved to 'model_create_mem!StereoKitC' from 'StereoKitC'."
"Message",Normal,"          P/Invoke 'model_create_file' resolved to 'model_create_file!StereoKitC' from 'StereoKitC'."
"Message",Normal,"          P/Invoke 'model_set_id' resolved to 'model_set_id!StereoKitC' from 'StereoKitC'."
"Message",Normal,"          P/Invoke 'model_addref' resolved to 'model_addref!StereoKitC' from 'StereoKitC'."
"Message",Normal,"          P/Invoke 'model_release' resolved to 'model_release!StereoKitC' from 'StereoKitC'."
"Message",Normal,"          P/Invoke 'model_get_name' resolved to 'model_get_name!StereoKitC' from 'StereoKitC'."
"Message",Normal,"          P/Invoke 'model_get_material' resolved to 'model_get_material!StereoKitC' from 'StereoKitC'."
"Message",Normal,"          P/Invoke 'model_get_mesh' resolved to 'model_get_mesh!StereoKitC' from 'StereoKitC'."
"Message",Normal,"          P/Invoke 'model_get_transform' resolved to 'model_get_transform!StereoKitC' from 'StereoKitC'."
"Message",Normal,"          P/Invoke 'model_set_material' resolved to 'model_set_material!StereoKitC' from 'StereoKitC'."
"Message",Normal,"          P/Invoke 'model_set_mesh' resolved to 'model_set_mesh!StereoKitC' from 'StereoKitC'."
"Message",Normal,"          P/Invoke 'model_set_transform' resolved to 'model_set_transform!StereoKitC' from 'StereoKitC'."
"Message",Normal,"          P/Invoke 'model_remove_subset' resolved to 'model_remove_subset!StereoKitC' from 'StereoKitC'."
"Message",Normal,"          P/Invoke 'model_add_subset' resolved to 'model_add_subset!StereoKitC' from 'StereoKitC'."
"Message",Normal,"          P/Invoke 'model_add_named_subset' resolved to 'model_add_named_subset!StereoKitC' from 'StereoKitC'."
"Message",Normal,"          P/Invoke 'model_subset_count' resolved to 'model_subset_count!StereoKitC' from 'StereoKitC'."
"Message",Normal,"          P/Invoke 'model_recalculate_bounds' resolved to 'model_recalculate_bounds!StereoKitC' from 'StereoKitC'."
"Message",Normal,"          P/Invoke 'model_set_bounds' resolved to 'model_set_bounds!StereoKitC' from 'StereoKitC'."
"Message",Normal,"          P/Invoke 'model_get_bounds' resolved to 'model_get_bounds!StereoKitC' from 'StereoKitC'."
"Message",Normal,"          P/Invoke 'model_ray_intersect' resolved to 'model_ray_intersect!StereoKitC' from 'StereoKitC'."
"Message",Normal,"          P/Invoke 'model_step_anim' resolved to 'model_step_anim!StereoKitC' from 'StereoKitC'."
"Message",Normal,"          P/Invoke 'model_play_anim' resolved to 'model_play_anim!StereoKitC' from 'StereoKitC'."
"Message",Normal,"          P/Invoke 'model_play_anim_idx' resolved to 'model_play_anim_idx!StereoKitC' from 'StereoKitC'."
"Message",Normal,"          P/Invoke 'model_set_anim_time' resolved to 'model_set_anim_time!StereoKitC' from 'StereoKitC'."
"Message",Normal,"          P/Invoke 'model_set_anim_completion' resolved to 'model_set_anim_completion!StereoKitC' from 'StereoKitC'."
"Message",Normal,"          P/Invoke 'model_anim_find' resolved to 'model_anim_find!StereoKitC' from 'StereoKitC'."
"Message",Normal,"          P/Invoke 'model_anim_count' resolved to 'model_anim_count!StereoKitC' from 'StereoKitC'."
"Message",Normal,"          P/Invoke 'model_anim_active' resolved to 'model_anim_active!StereoKitC' from 'StereoKitC'."
"Message",Normal,"          P/Invoke 'model_anim_active_mode' resolved to 'model_anim_active_mode!StereoKitC' from 'StereoKitC'."
"Message",Normal,"          P/Invoke 'model_anim_active_time' resolved to 'model_anim_active_time!StereoKitC' from 'StereoKitC'."
"Message",Normal,"          P/Invoke 'model_anim_active_completion' resolved to 'model_anim_active_completion!StereoKitC' from 'StereoKitC'."
"Message",Normal,"          P/Invoke 'model_anim_get_name' resolved to 'model_anim_get_name!StereoKitC' from 'StereoKitC'."
"Message",Normal,"          P/Invoke 'model_anim_get_duration' resolved to 'model_anim_get_duration!StereoKitC' from 'StereoKitC'."
"Message",Normal,"          P/Invoke 'model_node_add' resolved to 'model_node_add!StereoKitC' from 'StereoKitC'."
"Message",Normal,"          P/Invoke 'model_node_add_child' resolved to 'model_node_add_child!StereoKitC' from 'StereoKitC'."
"Message",Normal,"          P/Invoke 'model_node_find' resolved to 'model_node_find!StereoKitC' from 'StereoKitC'."
"Message",Normal,"          P/Invoke 'model_node_sibling' resolved to 'model_node_sibling!StereoKitC' from 'StereoKitC'."
"Message",Normal,"          P/Invoke 'model_node_parent' resolved to 'model_node_parent!StereoKitC' from 'StereoKitC'."
"Message",Normal,"          P/Invoke 'model_node_child' resolved to 'model_node_child!StereoKitC' from 'StereoKitC'."
"Message",Normal,"          P/Invoke 'model_node_count' resolved to 'model_node_count!StereoKitC' from 'StereoKitC'."
"Message",Normal,"          P/Invoke 'model_node_index' resolved to 'model_node_index!StereoKitC' from 'StereoKitC'."
"Message",Normal,"          P/Invoke 'model_node_visual_count' resolved to 'model_node_visual_count!StereoKitC' from 'StereoKitC'."
"Message",Normal,"          P/Invoke 'model_node_visual_index' resolved to 'model_node_visual_index!StereoKitC' from 'StereoKitC'."
"Message",Normal,"          P/Invoke 'model_node_iterate' resolved to 'model_node_iterate!StereoKitC' from 'StereoKitC'."
"Message",Normal,"          P/Invoke 'model_node_get_root' resolved to 'model_node_get_root!StereoKitC' from 'StereoKitC'."
"Message",Normal,"          P/Invoke 'model_node_get_name' resolved to 'model_node_get_name!StereoKitC' from 'StereoKitC'."
"Message",Normal,"          P/Invoke 'model_node_get_solid' resolved to 'model_node_get_solid!StereoKitC' from 'StereoKitC'."
"Message",Normal,"          P/Invoke 'model_node_get_visible' resolved to 'model_node_get_visible!StereoKitC' from 'StereoKitC'."
"Message",Normal,"          P/Invoke 'model_node_get_material' resolved to 'model_node_get_material!StereoKitC' from 'StereoKitC'."
"Message",Normal,"          P/Invoke 'model_node_get_mesh' resolved to 'model_node_get_mesh!StereoKitC' from 'StereoKitC'."
"Message",Normal,"          P/Invoke 'model_node_get_transform_model' resolved to 'model_node_get_transform_model!StereoKitC' from 'StereoKitC'."
"Message",Normal,"          P/Invoke 'model_node_get_transform_local' resolved to 'model_node_get_transform_local!StereoKitC' from 'StereoKitC'."
"Message",Normal,"          P/Invoke 'model_node_set_name' resolved to 'model_node_set_name!StereoKitC' from 'StereoKitC'."
"Message",Normal,"          P/Invoke 'model_node_set_solid' resolved to 'model_node_set_solid!StereoKitC' from 'StereoKitC'."
"Message",Normal,"          P/Invoke 'model_node_set_visible' resolved to 'model_node_set_visible!StereoKitC' from 'StereoKitC'."
"Message",Normal,"          P/Invoke 'model_node_set_material' resolved to 'model_node_set_material!StereoKitC' from 'StereoKitC'."
"Message",Normal,"          P/Invoke 'model_node_set_mesh' resolved to 'model_node_set_mesh!StereoKitC' from 'StereoKitC'."
"Message",Normal,"          P/Invoke 'model_node_set_transform_model' resolved to 'model_node_set_transform_model!StereoKitC' from 'StereoKitC'."
"Message",Normal,"          P/Invoke 'model_node_set_transform_local' resolved to 'model_node_set_transform_local!StereoKitC' from 'StereoKitC'."
"Message",Normal,"          P/Invoke 'sprite_create' resolved to 'sprite_create!StereoKitC' from 'StereoKitC'."
"Message",Normal,"          P/Invoke 'sprite_create_file' resolved to 'sprite_create_file!StereoKitC' from 'StereoKitC'."
"Message",Normal,"          P/Invoke 'sprite_set_id' resolved to 'sprite_set_id!StereoKitC' from 'StereoKitC'."
"Message",Normal,"          P/Invoke 'sprite_release' resolved to 'sprite_release!StereoKitC' from 'StereoKitC'."
"Message",Normal,"          P/Invoke 'sprite_get_aspect' resolved to 'sprite_get_aspect!StereoKitC' from 'StereoKitC'."
"Message",Normal,"          P/Invoke 'sprite_draw' resolved to 'sprite_draw!StereoKitC' from 'StereoKitC'."
"Message",Normal,"          P/Invoke 'sprite_draw_at' resolved to 'sprite_draw_at!StereoKitC' from 'StereoKitC'."
"Message",Normal,"          P/Invoke 'sprite_get_width' resolved to 'sprite_get_width!StereoKitC' from 'StereoKitC'."
"Message",Normal,"          P/Invoke 'sprite_get_height' resolved to 'sprite_get_height!StereoKitC' from 'StereoKitC'."
"Message",Normal,"          P/Invoke 'sprite_get_dimensions_normalized' resolved to 'sprite_get_dimensions_normalized!StereoKitC' from 'StereoKitC'."
"Message",Normal,"          P/Invoke 'line_add' resolved to 'line_add!StereoKitC' from 'StereoKitC'."
"Message",Normal,"          P/Invoke 'line_add_listv' resolved to 'line_add_listv!StereoKitC' from 'StereoKitC'."
"Message",Normal,"          P/Invoke 'render_set_clip' resolved to 'render_set_clip!StereoKitC' from 'StereoKitC'."
"Message",Normal,"          P/Invoke 'render_set_fov' resolved to 'render_set_fov!StereoKitC' from 'StereoKitC'."
"Message",Normal,"          P/Invoke 'render_set_ortho_clip' resolved to 'render_set_ortho_clip!StereoKitC' from 'StereoKitC'."
"Message",Normal,"          P/Invoke 'render_set_ortho_size' resolved to 'render_set_ortho_size!StereoKitC' from 'StereoKitC'."
"Message",Normal,"          P/Invoke 'render_set_projection' resolved to 'render_set_projection!StereoKitC' from 'StereoKitC'."
"Message",Normal,"          P/Invoke 'render_get_projection' resolved to 'render_get_projection!StereoKitC' from 'StereoKitC'."
"Message",Normal,"          P/Invoke 'render_get_cam_root' resolved to 'render_get_cam_root!StereoKitC' from 'StereoKitC'."
"Message",Normal,"          P/Invoke 'render_set_cam_root' resolved to 'render_set_cam_root!StereoKitC' from 'StereoKitC'."
"Message",Normal,"          P/Invoke 'render_set_skytex' resolved to 'render_set_skytex!StereoKitC' from 'StereoKitC'."
"Message",Normal,"          P/Invoke 'render_get_skytex' resolved to 'render_get_skytex!StereoKitC' from 'StereoKitC'."
"Message",Normal,"          P/Invoke 'render_set_skylight' resolved to 'render_set_skylight!StereoKitC' from 'StereoKitC'."
"Message",Normal,"          P/Invoke 'render_get_filter' resolved to 'render_get_filter!StereoKitC' from 'StereoKitC'."
"Message",Normal,"          P/Invoke 'render_set_filter' resolved to 'render_set_filter!StereoKitC' from 'StereoKitC'."
"Message",Normal,"          P/Invoke 'render_override_capture_filter' resolved to 'render_override_capture_filter!StereoKitC' from 'StereoKitC'."
"Message",Normal,"          P/Invoke 'render_get_capture_filter' resolved to 'render_get_capture_filter!StereoKitC' from 'StereoKitC'."
"Message",Normal,"          P/Invoke 'render_has_capture_filter' resolved to 'render_has_capture_filter!StereoKitC' from 'StereoKitC'."
"Message",Normal,"          P/Invoke 'render_get_skylight' resolved to 'render_get_skylight!StereoKitC' from 'StereoKitC'."
"Message",Normal,"          P/Invoke 'render_set_clear_color' resolved to 'render_set_clear_color!StereoKitC' from 'StereoKitC'."
"Message",Normal,"          P/Invoke 'render_get_clear_color' resolved to 'render_get_clear_color!StereoKitC' from 'StereoKitC'."
"Message",Normal,"          P/Invoke 'render_enable_skytex' resolved to 'render_enable_skytex!StereoKitC' from 'StereoKitC'."
"Message",Normal,"          P/Invoke 'render_enabled_skytex' resolved to 'render_enabled_skytex!StereoKitC' from 'StereoKitC'."
"Message",Normal,"          P/Invoke 'render_add_mesh' resolved to 'render_add_mesh!StereoKitC' from 'StereoKitC'."
"Message",Normal,"          P/Invoke 'render_add_model' resolved to 'render_add_model!StereoKitC' from 'StereoKitC'."
"Message",Normal,"          P/Invoke 'render_blit' resolved to 'render_blit!StereoKitC' from 'StereoKitC'."
"Message",Normal,"          P/Invoke 'render_screenshot' resolved to 'render_screenshot!StereoKitC' from 'StereoKitC'."
"Message",Normal,"          P/Invoke 'render_to' resolved to 'render_to!StereoKitC' from 'StereoKitC'."
"Message",Normal,"          P/Invoke 'hierarchy_push' resolved to 'hierarchy_push!StereoKitC' from 'StereoKitC'."
"Message",Normal,"          P/Invoke 'hierarchy_pop' resolved to 'hierarchy_pop!StereoKitC' from 'StereoKitC'."
"Message",Normal,"          P/Invoke 'hierarchy_set_enabled' resolved to 'hierarchy_set_enabled!StereoKitC' from 'StereoKitC'."
"Message",Normal,"          P/Invoke 'hierarchy_is_enabled' resolved to 'hierarchy_is_enabled!StereoKitC' from 'StereoKitC'."
"Message",Normal,"          P/Invoke 'hierarchy_to_local_point' resolved to 'hierarchy_to_local_point!StereoKitC' from 'StereoKitC'."
"Message",Normal,"          P/Invoke 'hierarchy_to_local_direction' resolved to 'hierarchy_to_local_direction!StereoKitC' from 'StereoKitC'."
"Message",Normal,"          P/Invoke 'hierarchy_to_local_rotation' resolved to 'hierarchy_to_local_rotation!StereoKitC' from 'StereoKitC'."
"Message",Normal,"          P/Invoke 'hierarchy_to_local_pose' resolved to 'hierarchy_to_local_pose!StereoKitC' from 'StereoKitC'."
"Message",Normal,"          P/Invoke 'hierarchy_to_world_point' resolved to 'hierarchy_to_world_point!StereoKitC' from 'StereoKitC'."
"Message",Normal,"          P/Invoke 'hierarchy_to_world_direction' resolved to 'hierarchy_to_world_direction!StereoKitC' from 'StereoKitC'."
"Message",Normal,"          P/Invoke 'hierarchy_to_world_rotation' resolved to 'hierarchy_to_world_rotation!StereoKitC' from 'StereoKitC'."
"Message",Normal,"          P/Invoke 'hierarchy_to_world_pose' resolved to 'hierarchy_to_world_pose!StereoKitC' from 'StereoKitC'."
"Message",Normal,"          P/Invoke 'sound_find' resolved to 'sound_find!StereoKitC' from 'StereoKitC'."
"Message",Normal,"          P/Invoke 'sound_set_id' resolved to 'sound_set_id!StereoKitC' from 'StereoKitC'."
"Message",Normal,"          P/Invoke 'sound_create' resolved to 'sound_create!StereoKitC' from 'StereoKitC'."
"Message",Normal,"          P/Invoke 'sound_create_stream' resolved to 'sound_create_stream!StereoKitC' from 'StereoKitC'."
"Message",Normal,"          P/Invoke 'sound_create_samples' resolved to 'sound_create_samples!StereoKitC' from 'StereoKitC'."
"Message",Normal,"          P/Invoke 'sound_generate' resolved to 'sound_generate!StereoKitC' from 'StereoKitC'."
"Message",Normal,"          P/Invoke 'sound_write_samples' resolved to 'sound_write_samples!StereoKitC' from 'StereoKitC'."
"Message",Normal,"          P/Invoke 'sound_read_samples' resolved to 'sound_read_samples!StereoKitC' from 'StereoKitC'."
"Message",Normal,"          P/Invoke 'sound_unread_samples' resolved to 'sound_unread_samples!StereoKitC' from 'StereoKitC'."
"Message",Normal,"          P/Invoke 'sound_total_samples' resolved to 'sound_total_samples!StereoKitC' from 'StereoKitC'."
"Message",Normal,"          P/Invoke 'sound_cursor_samples' resolved to 'sound_cursor_samples!StereoKitC' from 'StereoKitC'."
"Message",Normal,"          P/Invoke 'sound_play' resolved to 'sound_play!StereoKitC' from 'StereoKitC'."
"Message",Normal,"          P/Invoke 'sound_duration' resolved to 'sound_duration!StereoKitC' from 'StereoKitC'."
"Message",Normal,"          P/Invoke 'sound_release' resolved to 'sound_release!StereoKitC' from 'StereoKitC'."
"Message",Normal,"          P/Invoke 'sound_inst_stop' resolved to 'sound_inst_stop!StereoKitC' from 'StereoKitC'."
"Message",Normal,"          P/Invoke 'sound_inst_is_playing' resolved to 'sound_inst_is_playing!StereoKitC' from 'StereoKitC'."
"Message",Normal,"          P/Invoke 'sound_inst_set_pos' resolved to 'sound_inst_set_pos!StereoKitC' from 'StereoKitC'."
"Message",Normal,"          P/Invoke 'sound_inst_get_pos' resolved to 'sound_inst_get_pos!StereoKitC' from 'StereoKitC'."
"Message",Normal,"          P/Invoke 'sound_inst_set_volume' resolved to 'sound_inst_set_volume!StereoKitC' from 'StereoKitC'."
"Message",Normal,"          P/Invoke 'sound_inst_get_volume' resolved to 'sound_inst_get_volume!StereoKitC' from 'StereoKitC'."
"Message",Normal,"          P/Invoke 'mic_device_count' resolved to 'mic_device_count!StereoKitC' from 'StereoKitC'."
"Message",Normal,"          P/Invoke 'mic_device_name' resolved to 'mic_device_name!StereoKitC' from 'StereoKitC'."
"Message",Normal,"          P/Invoke 'mic_start' resolved to 'mic_start!StereoKitC' from 'StereoKitC'."
"Message",Normal,"          P/Invoke 'mic_stop' resolved to 'mic_stop!StereoKitC' from 'StereoKitC'."
"Message",Normal,"          P/Invoke 'mic_get_stream' resolved to 'mic_get_stream!StereoKitC' from 'StereoKitC'."
"Message",Normal,"          P/Invoke 'mic_is_recording' resolved to 'mic_is_recording!StereoKitC' from 'StereoKitC'."
"Message",Normal,"          P/Invoke 'platform_file_picker_sz' resolved to 'platform_file_picker_sz!StereoKitC' from 'StereoKitC'."
"Message",Normal,"          P/Invoke 'platform_file_picker_close' resolved to 'platform_file_picker_close!StereoKitC' from 'StereoKitC'."
"Message",Normal,"          P/Invoke 'platform_file_picker_visible' resolved to 'platform_file_picker_visible!StereoKitC' from 'StereoKitC'."
"Message",Normal,"          P/Invoke 'platform_read_file' resolved to 'platform_read_file!StereoKitC' from 'StereoKitC'."
"Message",Normal,"          P/Invoke 'platform_write_file' resolved to 'platform_write_file!StereoKitC' from 'StereoKitC'."
"Message",Normal,"          P/Invoke 'platform_keyboard_get_force_fallback' resolved to 'platform_keyboard_get_force_fallback!StereoKitC' from 'StereoKitC'."
"Message",Normal,"          P/Invoke 'platform_keyboard_set_force_fallback' resolved to 'platform_keyboard_set_force_fallback!StereoKitC' from 'StereoKitC'."
"Message",Normal,"          P/Invoke 'platform_keyboard_visible' resolved to 'platform_keyboard_visible!StereoKitC' from 'StereoKitC'."
"Message",Normal,"          P/Invoke 'platform_keyboard_show' resolved to 'platform_keyboard_show!StereoKitC' from 'StereoKitC'."
"Message",Normal,"          P/Invoke 'input_pointer_count' resolved to 'input_pointer_count!StereoKitC' from 'StereoKitC'."
"Message",Normal,"          P/Invoke 'input_pointer' resolved to 'input_pointer!StereoKitC' from 'StereoKitC'."
"Message",Normal,"          P/Invoke 'input_hand' resolved to 'input_hand!StereoKitC' from 'StereoKitC'."
"Message",Normal,"          P/Invoke 'input_controller' resolved to 'input_controller!StereoKitC' from 'StereoKitC'."
"Message",Normal,"          P/Invoke 'input_controller_menu' resolved to 'input_controller_menu!StereoKitC' from 'StereoKitC'."
"Message",Normal,"          P/Invoke 'input_hand_override' resolved to 'input_hand_override!StereoKitC' from 'StereoKitC'."
"Message",Normal,"          P/Invoke 'input_hand_override' resolved to 'input_hand_override!StereoKitC' from 'StereoKitC'."
"Message",Normal,"          P/Invoke 'input_mouse' resolved to 'input_mouse!StereoKitC' from 'StereoKitC'."
"Message",Normal,"          P/Invoke 'input_head' resolved to 'input_head!StereoKitC' from 'StereoKitC'."
"Message",Normal,"          P/Invoke 'input_eyes' resolved to 'input_eyes!StereoKitC' from 'StereoKitC'."
"Message",Normal,"          P/Invoke 'input_eyes_tracked' resolved to 'input_eyes_tracked!StereoKitC' from 'StereoKitC'."
"Message",Normal,"          P/Invoke 'input_key' resolved to 'input_key!StereoKitC' from 'StereoKitC'."
"Message",Normal,"          P/Invoke 'input_text_consume' resolved to 'input_text_consume!StereoKitC' from 'StereoKitC'."
"Message",Normal,"          P/Invoke 'input_text_reset' resolved to 'input_text_reset!StereoKitC' from 'StereoKitC'."
"Message",Normal,"          P/Invoke 'input_hand_visible' resolved to 'input_hand_visible!StereoKitC' from 'StereoKitC'."
"Message",Normal,"          P/Invoke 'input_hand_solid' resolved to 'input_hand_solid!StereoKitC' from 'StereoKitC'."
"Message",Normal,"          P/Invoke 'input_hand_material' resolved to 'input_hand_material!StereoKitC' from 'StereoKitC'."
"Message",Normal,"          P/Invoke 'world_has_bounds' resolved to 'world_has_bounds!StereoKitC' from 'StereoKitC'."
"Message",Normal,"          P/Invoke 'world_get_bounds_size' resolved to 'world_get_bounds_size!StereoKitC' from 'StereoKitC'."
"Message",Normal,"          P/Invoke 'world_get_bounds_pose' resolved to 'world_get_bounds_pose!StereoKitC' from 'StereoKitC'."
"Message",Normal,"          P/Invoke 'world_from_spatial_graph' resolved to 'world_from_spatial_graph!StereoKitC' from 'StereoKitC'."
"Message",Normal,"          P/Invoke 'world_from_perception_anchor' resolved to 'world_from_perception_anchor!StereoKitC' from 'StereoKitC'."
"Message",Normal,"          P/Invoke 'world_try_from_spatial_graph' resolved to 'world_try_from_spatial_graph!StereoKitC' from 'StereoKitC'."
"Message",Normal,"          P/Invoke 'world_try_from_perception_anchor' resolved to 'world_try_from_perception_anchor!StereoKitC' from 'StereoKitC'."
"Message",Normal,"          P/Invoke 'world_raycast' resolved to 'world_raycast!StereoKitC' from 'StereoKitC'."
"Message",Normal,"          P/Invoke 'world_set_occlusion_enabled' resolved to 'world_set_occlusion_enabled!StereoKitC' from 'StereoKitC'."
"Message",Normal,"          P/Invoke 'world_get_occlusion_enabled' resolved to 'world_get_occlusion_enabled!StereoKitC' from 'StereoKitC'."
"Message",Normal,"          P/Invoke 'world_set_raycast_enabled' resolved to 'world_set_raycast_enabled!StereoKitC' from 'StereoKitC'."
"Message",Normal,"          P/Invoke 'world_get_raycast_enabled' resolved to 'world_get_raycast_enabled!StereoKitC' from 'StereoKitC'."
"Message",Normal,"          P/Invoke 'world_set_occlusion_material' resolved to 'world_set_occlusion_material!StereoKitC' from 'StereoKitC'."
"Message",Normal,"          P/Invoke 'world_get_occlusion_material' resolved to 'world_get_occlusion_material!StereoKitC' from 'StereoKitC'."
"Message",Normal,"          P/Invoke 'world_set_refresh_type' resolved to 'world_set_refresh_type!StereoKitC' from 'StereoKitC'."
"Message",Normal,"          P/Invoke 'world_get_refresh_type' resolved to 'world_get_refresh_type!StereoKitC' from 'StereoKitC'."
"Message",Normal,"          P/Invoke 'world_set_refresh_radius' resolved to 'world_set_refresh_radius!StereoKitC' from 'StereoKitC'."
"Message",Normal,"          P/Invoke 'world_get_refresh_radius' resolved to 'world_get_refresh_radius!StereoKitC' from 'StereoKitC'."
"Message",Normal,"          P/Invoke 'world_set_refresh_interval' resolved to 'world_set_refresh_interval!StereoKitC' from 'StereoKitC'."
"Message",Normal,"          P/Invoke 'world_get_refresh_interval' resolved to 'world_get_refresh_interval!StereoKitC' from 'StereoKitC'."
"Message",Normal,"          P/Invoke 'input_subscribe' resolved to 'input_subscribe!StereoKitC' from 'StereoKitC'."
"Message",Normal,"          P/Invoke 'input_unsubscribe' resolved to 'input_unsubscribe!StereoKitC' from 'StereoKitC'."
"Message",Normal,"          P/Invoke 'input_fire_event' resolved to 'input_fire_event!StereoKitC' from 'StereoKitC'."
"Message",Normal,"          P/Invoke 'backend_xr_get_type' resolved to 'backend_xr_get_type!StereoKitC' from 'StereoKitC'."
"Message",Normal,"          P/Invoke 'backend_openxr_get_instance' resolved to 'backend_openxr_get_instance!StereoKitC' from 'StereoKitC'."
"Message",Normal,"          P/Invoke 'backend_openxr_get_session' resolved to 'backend_openxr_get_session!StereoKitC' from 'StereoKitC'."
"Message",Normal,"          P/Invoke 'backend_openxr_get_space' resolved to 'backend_openxr_get_space!StereoKitC' from 'StereoKitC'."
"Message",Normal,"          P/Invoke 'backend_openxr_get_time' resolved to 'backend_openxr_get_time!StereoKitC' from 'StereoKitC'."
"Message",Normal,"          P/Invoke 'backend_openxr_get_eyes_sample_time' resolved to 'backend_openxr_get_eyes_sample_time!StereoKitC' from 'StereoKitC'."
"Message",Normal,"          P/Invoke 'backend_openxr_get_function' resolved to 'backend_openxr_get_function!StereoKitC' from 'StereoKitC'."
"Message",Normal,"          P/Invoke 'backend_openxr_ext_enabled' resolved to 'backend_openxr_ext_enabled!StereoKitC' from 'StereoKitC'."
"Message",Normal,"          P/Invoke 'backend_openxr_ext_request' resolved to 'backend_openxr_ext_request!StereoKitC' from 'StereoKitC'."
"Message",Normal,"          P/Invoke 'backend_openxr_composition_layer' resolved to 'backend_openxr_composition_layer!StereoKitC' from 'StereoKitC'."
"Message",Normal,"          P/Invoke 'backend_platform_get' resolved to 'backend_platform_get!StereoKitC' from 'StereoKitC'."
"Message",Normal,"          P/Invoke 'backend_android_get_java_vm' resolved to 'backend_android_get_java_vm!StereoKitC' from 'StereoKitC'."
"Message",Normal,"          P/Invoke 'backend_android_get_activity' resolved to 'backend_android_get_activity!StereoKitC' from 'StereoKitC'."
"Message",Normal,"          P/Invoke 'backend_android_get_jni_env' resolved to 'backend_android_get_jni_env!StereoKitC' from 'StereoKitC'."
"Message",Normal,"          P/Invoke 'backend_graphics_get' resolved to 'backend_graphics_get!StereoKitC' from 'StereoKitC'."
"Message",Normal,"          P/Invoke 'backend_d3d11_get_d3d_device' resolved to 'backend_d3d11_get_d3d_device!StereoKitC' from 'StereoKitC'."
"Message",Normal,"          P/Invoke 'backend_d3d11_get_d3d_context' resolved to 'backend_d3d11_get_d3d_context!StereoKitC' from 'StereoKitC'."
"Message",Normal,"          P/Invoke 'log_write' resolved to 'log_write!StereoKitC' from 'StereoKitC'."
"Message",Normal,"          P/Invoke 'log_set_filter' resolved to 'log_set_filter!StereoKitC' from 'StereoKitC'."
"Message",Normal,"          P/Invoke 'log_subscribe' resolved to 'log_subscribe!StereoKitC' from 'StereoKitC'."
"Message",Normal,"          P/Invoke 'log_unsubscribe' resolved to 'log_unsubscribe!StereoKitC' from 'StereoKitC'."
"Message",Normal,"          P/Invoke 'assets_releaseref_threadsafe' resolved to 'assets_releaseref_threadsafe!StereoKitC' from 'StereoKitC'."
"Message",Normal,"          P/Invoke 'assets_current_task' resolved to 'assets_current_task!StereoKitC' from 'StereoKitC'."
"Message",Normal,"          P/Invoke 'assets_total_tasks' resolved to 'assets_total_tasks!StereoKitC' from 'StereoKitC'."
"Message",Normal,"          P/Invoke 'assets_current_task_priority' resolved to 'assets_current_task_priority!StereoKitC' from 'StereoKitC'."
"Message",Normal,"          P/Invoke 'assets_block_for_priority' resolved to 'assets_block_for_priority!StereoKitC' from 'StereoKitC'."
"Message",Normal,"          P/Invoke 'ui_quadrant_size_verts' resolved to 'ui_quadrant_size_verts!StereoKitC' from 'StereoKitC'."
"Message",Normal,"          P/Invoke 'ui_quadrant_size_mesh' resolved to 'ui_quadrant_size_mesh!StereoKitC' from 'StereoKitC'."
"Message",Normal,"          P/Invoke 'ui_show_volumes' resolved to 'ui_show_volumes!StereoKitC' from 'StereoKitC'."
"Message",Normal,"          P/Invoke 'ui_enable_far_interact' resolved to 'ui_enable_far_interact!StereoKitC' from 'StereoKitC'."
"Message",Normal,"          P/Invoke 'ui_far_interact_enabled' resolved to 'ui_far_interact_enabled!StereoKitC' from 'StereoKitC'."
"Message",Normal,"          P/Invoke 'ui_settings' resolved to 'ui_settings!StereoKitC' from 'StereoKitC'."
"Message",Normal,"          P/Invoke 'ui_set_color' resolved to 'ui_set_color!StereoKitC' from 'StereoKitC'."
"Message",Normal,"          P/Invoke 'ui_set_theme_color' resolved to 'ui_set_theme_color!StereoKitC' from 'StereoKitC'."
"Message",Normal,"          P/Invoke 'ui_get_theme_color' resolved to 'ui_get_theme_color!StereoKitC' from 'StereoKitC'."
"Message",Normal,"          P/Invoke 'ui_set_element_visual' resolved to 'ui_set_element_visual!StereoKitC' from 'StereoKitC'."
"Message",Normal,"          P/Invoke 'ui_push_text_style' resolved to 'ui_push_text_style!StereoKitC' from 'StereoKitC'."
"Message",Normal,"          P/Invoke 'ui_pop_text_style' resolved to 'ui_pop_text_style!StereoKitC' from 'StereoKitC'."
"Message",Normal,"          P/Invoke 'ui_push_tint' resolved to 'ui_push_tint!StereoKitC' from 'StereoKitC'."
"Message",Normal,"          P/Invoke 'ui_pop_tint' resolved to 'ui_pop_tint!StereoKitC' from 'StereoKitC'."
"Message",Normal,"          P/Invoke 'ui_push_enabled' resolved to 'ui_push_enabled!StereoKitC' from 'StereoKitC'."
"Message",Normal,"          P/Invoke 'ui_pop_enabled' resolved to 'ui_pop_enabled!StereoKitC' from 'StereoKitC'."
"Message",Normal,"          P/Invoke 'ui_push_preserve_keyboard' resolved to 'ui_push_preserve_keyboard!StereoKitC' from 'StereoKitC'."
"Message",Normal,"          P/Invoke 'ui_pop_preserve_keyboard' resolved to 'ui_pop_preserve_keyboard!StereoKitC' from 'StereoKitC'."
"Message",Normal,"          P/Invoke 'ui_push_surface' resolved to 'ui_push_surface!StereoKitC' from 'StereoKitC'."
"Message",Normal,"          P/Invoke 'ui_pop_surface' resolved to 'ui_pop_surface!StereoKitC' from 'StereoKitC'."
"Message",Normal,"          P/Invoke 'ui_push_id_16' resolved to 'ui_push_id_16!StereoKitC' from 'StereoKitC'."
"Message",Normal,"          P/Invoke 'ui_push_idi' resolved to 'ui_push_idi!StereoKitC' from 'StereoKitC'."
"Message",Normal,"          P/Invoke 'ui_pop_id' resolved to 'ui_pop_id!StereoKitC' from 'StereoKitC'."
"Message",Normal,"          P/Invoke 'ui_stack_hash_16' resolved to 'ui_stack_hash_16!StereoKitC' from 'StereoKitC'."
"Message",Normal,"          P/Invoke 'ui_layout_area' resolved to 'ui_layout_area!StereoKitC' from 'StereoKitC'."
"Message",Normal,"          P/Invoke 'ui_layout_remaining' resolved to 'ui_layout_remaining!StereoKitC' from 'StereoKitC'."
"Message",Normal,"          P/Invoke 'ui_layout_at' resolved to 'ui_layout_at!StereoKitC' from 'StereoKitC'."
"Message",Normal,"          P/Invoke 'ui_layout_last' resolved to 'ui_layout_last!StereoKitC' from 'StereoKitC'."
"Message",Normal,"          P/Invoke 'ui_layout_reserve' resolved to 'ui_layout_reserve!StereoKitC' from 'StereoKitC'."
"Message",Normal,"          P/Invoke 'ui_last_element_hand_used' resolved to 'ui_last_element_hand_used!StereoKitC' from 'StereoKitC'."
"Message",Normal,"          P/Invoke 'ui_last_element_active' resolved to 'ui_last_element_active!StereoKitC' from 'StereoKitC'."
"Message",Normal,"          P/Invoke 'ui_last_element_focused' resolved to 'ui_last_element_focused!StereoKitC' from 'StereoKitC'."
"Message",Normal,"          P/Invoke 'ui_area_remaining' resolved to 'ui_area_remaining!StereoKitC' from 'StereoKitC'."
"Message",Normal,"          P/Invoke 'ui_nextline' resolved to 'ui_nextline!StereoKitC' from 'StereoKitC'."
"Message",Normal,"          P/Invoke 'ui_sameline' resolved to 'ui_sameline!StereoKitC' from 'StereoKitC'."
"Message",Normal,"          P/Invoke 'ui_line_height' resolved to 'ui_line_height!StereoKitC' from 'StereoKitC'."
"Message",Normal,"          P/Invoke 'ui_space' resolved to 'ui_space!StereoKitC' from 'StereoKitC'."
"Message",Normal,"          P/Invoke 'ui_is_interacting' resolved to 'ui_is_interacting!StereoKitC' from 'StereoKitC'."
"Message",Normal,"          P/Invoke 'ui_button_behavior' resolved to 'ui_button_behavior!StereoKitC' from 'StereoKitC'."
"Message",Normal,"          P/Invoke 'ui_volumei_at_16' resolved to 'ui_volumei_at_16!StereoKitC' from 'StereoKitC'."
"Message",Normal,"          P/Invoke 'ui_volumei_at_16' resolved to 'ui_volumei_at_16!StereoKitC' from 'StereoKitC'."
"Message",Normal,"          P/Invoke 'ui_volumei_at_16' resolved to 'ui_volumei_at_16!StereoKitC' from 'StereoKitC'."
"Message",Normal,"          P/Invoke 'ui_volume_at_16' resolved to 'ui_volume_at_16!StereoKitC' from 'StereoKitC'."
"Message",Normal,"          P/Invoke 'ui_interact_volume_at' resolved to 'ui_interact_volume_at!StereoKitC' from 'StereoKitC'."
"Message",Normal,"          P/Invoke 'ui_button_at_16' resolved to 'ui_button_at_16!StereoKitC' from 'StereoKitC'."
"Message",Normal,"          P/Invoke 'ui_button_img_16' resolved to 'ui_button_img_16!StereoKitC' from 'StereoKitC'."
"Message",Normal,"          P/Invoke 'ui_button_round_at_16' resolved to 'ui_button_round_at_16!StereoKitC' from 'StereoKitC'."
"Message",Normal,"          P/Invoke 'ui_toggle_at_16' resolved to 'ui_toggle_at_16!StereoKitC' from 'StereoKitC'."
"Message",Normal,"          P/Invoke 'ui_progress_bar_at' resolved to 'ui_progress_bar_at!StereoKitC' from 'StereoKitC'."
"Message",Normal,"          P/Invoke 'ui_hslider_at_16' resolved to 'ui_hslider_at_16!StereoKitC' from 'StereoKitC'."
"Message",Normal,"          P/Invoke 'ui_hslider_at_f64_16' resolved to 'ui_hslider_at_f64_16!StereoKitC' from 'StereoKitC'."
"Message",Normal,"          P/Invoke 'ui_hseparator' resolved to 'ui_hseparator!StereoKitC' from 'StereoKitC'."
"Message",Normal,"          P/Invoke 'ui_label_16' resolved to 'ui_label_16!StereoKitC' from 'StereoKitC'."
"Message",Normal,"          P/Invoke 'ui_label_sz_16' resolved to 'ui_label_sz_16!StereoKitC' from 'StereoKitC'."
"Message",Normal,"          P/Invoke 'ui_text_16' resolved to 'ui_text_16!StereoKitC' from 'StereoKitC'."
"Message",Normal,"          P/Invoke 'ui_image' resolved to 'ui_image!StereoKitC' from 'StereoKitC'."
"Message",Normal,"          P/Invoke 'ui_button_16' resolved to 'ui_button_16!StereoKitC' from 'StereoKitC'."
"Message",Normal,"          P/Invoke 'ui_button_sz_16' resolved to 'ui_button_sz_16!StereoKitC' from 'StereoKitC'."
"Message",Normal,"          P/Invoke 'ui_button_img_16' resolved to 'ui_button_img_16!StereoKitC' from 'StereoKitC'."
"Message",Normal,"          P/Invoke 'ui_button_img_sz_16' resolved to 'ui_button_img_sz_16!StereoKitC' from 'StereoKitC'."
"Message",Normal,"          P/Invoke 'ui_button_round_16' resolved to 'ui_button_round_16!StereoKitC' from 'StereoKitC'."
"Message",Normal,"          P/Invoke 'ui_toggle_16' resolved to 'ui_toggle_16!StereoKitC' from 'StereoKitC'."
"Message",Normal,"          P/Invoke 'ui_toggle_sz_16' resolved to 'ui_toggle_sz_16!StereoKitC' from 'StereoKitC'."
"Message",Normal,"          P/Invoke 'ui_model' resolved to 'ui_model!StereoKitC' from 'StereoKitC'."
"Message",Normal,"          P/Invoke 'ui_input_16' resolved to 'ui_input_16!StereoKitC' from 'StereoKitC'."
"Message",Normal,"          P/Invoke 'ui_progress_bar' resolved to 'ui_progress_bar!StereoKitC' from 'StereoKitC'."
"Message",Normal,"          P/Invoke 'ui_hslider_16' resolved to 'ui_hslider_16!StereoKitC' from 'StereoKitC'."
"Message",Normal,"          P/Invoke 'ui_hslider_f64_16' resolved to 'ui_hslider_f64_16!StereoKitC' from 'StereoKitC'."
"Message",Normal,"          P/Invoke 'ui_handle_begin_16' resolved to 'ui_handle_begin_16!StereoKitC' from 'StereoKitC'."
"Message",Normal,"          P/Invoke 'ui_handle_end' resolved to 'ui_handle_end!StereoKitC' from 'StereoKitC'."
"Message",Normal,"          P/Invoke 'ui_window_begin_16' resolved to 'ui_window_begin_16!StereoKitC' from 'StereoKitC'."
"Message",Normal,"          P/Invoke 'ui_window_end' resolved to 'ui_window_end!StereoKitC' from 'StereoKitC'."
"Message",Normal,"          P/Invoke 'ui_panel_at' resolved to 'ui_panel_at!StereoKitC' from 'StereoKitC'."
"Message",Normal,"          P/Invoke 'ui_panel_begin' resolved to 'ui_panel_begin!StereoKitC' from 'StereoKitC'."
"Message",Normal,"          P/Invoke 'ui_panel_end' resolved to 'ui_panel_end!StereoKitC' from 'StereoKitC'."
"Message",Normal,"          P/Invoke 'LoadLibraryW' resolved to 'LoadLibraryW!kernel32' from 'SupportedAPIs.xml'."
"Warning",,0,0,"      MCG : warning MCG0007: Unresolved P/Invoke method 'dl!dlopen' for method 'System.IntPtr StereoKit.NativeLib.dlopen(System.String, System.Int32)'. Calling this method would throw exception at runtime. Please make sure the P/Invoke either points to a Windows API allowed in UWP applications, or a native DLL that is part of the package. If for some reason your P/Invoke does not satisfy those requirements, please use [DllImport(ExactSpelling=true) to indicate that you understand the implications of using non-UWP APIs."
"Warning",,0,0,"      MCG : warning MCG0007: Unresolved P/Invoke method 'libdl.so.2!dlopen' for method 'System.IntPtr StereoKit.NativeLib.dlopen2(System.String, System.Int32)'. Calling this method would throw exception at runtime. Please make sure the P/Invoke either points to a Windows API allowed in UWP applications, or a native DLL that is part of the package. If for some reason your P/Invoke does not satisfy those requirements, please use [DllImport(ExactSpelling=true) to indicate that you understand the implications of using non-UWP APIs."
"Message",Normal,"          P/Invoke 'GetStdHandle' resolved to 'GetStdHandle!kernel32.dll' from 'SupportedAPIs.xml'."
"Message",Normal,"          P/Invoke 'GetConsoleMode' resolved to 'GetConsoleMode!kernel32.dll' from 'SupportedAPIs.xml'."
"Message",Normal,"          P/Invoke 'SetConsoleMode' resolved to 'SetConsoleMode!kernel32.dll' from 'SupportedAPIs.xml'."
"Message",Normal,"          P/Invoke 'RhpGetFuncEvalParameterBufferSize' with [DllImport(ExactSpelling=true)] resolved to '[MRT]!RhpGetFuncEvalParameterBufferSize'."
"Message",Normal,"          P/Invoke 'RhpGetFuncEvalMode' with [DllImport(ExactSpelling=true)] resolved to '[MRT]!RhpGetFuncEvalMode'."
"Message",Normal,"          P/Invoke 'RhpRecordDebuggeeInitiatedHandle' with [DllImport(ExactSpelling=true)] resolved to '[MRT]!RhpRecordDebuggeeInitiatedHandle'."
"Message",Normal,"          P/Invoke 'RhpVerifyDebuggerCleanup' with [DllImport(ExactSpelling=true)] resolved to '[MRT]!RhpVerifyDebuggerCleanup'."
"Message",Normal,"          P/Invoke 'RhpGetCurrentThread' with [DllImport(ExactSpelling=true)] resolved to '[MRT]!RhpGetCurrentThread'."
"Message",Normal,"          P/Invoke 'RhWaitForPendingFinalizers' with [DllImport(ExactSpelling=true)] resolved to '[MRT]!RhWaitForPendingFinalizers'."
"Message",Normal,"          P/Invoke 'RhYield' with [DllImport(ExactSpelling=true)] resolved to '[MRT]!RhYield'."
"Message",Normal,"          P/Invoke 'RhFlushProcessWriteBuffers' with [DllImport(ExactSpelling=true)] resolved to '[MRT]!RhFlushProcessWriteBuffers'."
"Message",Normal,"          P/Invoke 'RhCompatibleReentrantWaitAny' with [DllImport(ExactSpelling=true)] resolved to '[MRT]!RhCompatibleReentrantWaitAny'."
"Message",Normal,"          P/Invoke 'RhCallDescrWorker' with [DllImport(ExactSpelling=true)] resolved to '[MRT]!RhCallDescrWorker'."
"Message",Normal,"          P/Invoke '_ecvt_s' with [DllImport(ExactSpelling=true)] resolved to '[MRT]!_ecvt_s'."
"Message",Normal,"          P/Invoke 'memmove' with [DllImport(ExactSpelling=true)] resolved to '[MRT]!memmove'."
"Message",Normal,"          P/Invoke 'memset' with [DllImport(ExactSpelling=true)] resolved to '[MRT]!memset'."
"Message",Normal,"          P/Invoke 'CallingConventionConverter_GetStubs' with [DllImport(ExactSpelling=true)] resolved to '*!CallingConventionConverter_GetStubs'."
"Message",Normal,"          P/Invoke 'WindowsCreateStringReference' resolved to 'WindowsCreateStringReference!api-ms-win-core-winrt-string-l1-1-0.dll' from 'SupportedAPIs.xml'."
"Message",Normal,"          P/Invoke 'GetLastError' resolved to 'GetLastError!api-ms-win-core-errorhandling-l1-1-0.dll' from 'SupportedAPIs.xml'."
"Message",Normal,"          P/Invoke 'SetLastError' resolved to 'SetLastError!api-ms-win-core-errorhandling-l1-1-0.dll' from 'SupportedAPIs.xml'."
"Message",Normal,"          P/Invoke 'RoInitialize' resolved to 'RoInitialize!api-ms-win-core-winrt-l1-1-0.dll' from 'SupportedAPIs.xml'."
"Message",Normal,"          P/Invoke 'GetNativeSystemInfo' resolved to 'GetNativeSystemInfo!kernel32.dll' from 'SupportedAPIs.xml'."
"Message",Normal,"          P/Invoke 'IsValidLocaleName' resolved to 'IsValidLocaleName!api-ms-win-core-localization-l1-2-0.dll' from 'SupportedAPIs.xml'."
"Message",Normal,"          P/Invoke 'ResolveLocaleName' resolved to 'ResolveLocaleName!api-ms-win-core-localization-l1-2-0.dll' from 'SupportedAPIs.xml'."
"Message",Normal,"          P/Invoke 'GetCPInfoExW' resolved to 'GetCPInfoExW!kernel32.dll' from 'SupportedAPIs.xml'."
"Message",Normal,"          P/Invoke 'CoCreateInstance' resolved to 'CoCreateInstance!api-ms-win-core-com-l1-1-0.dll' from 'SupportedAPIs.xml'."
"Message",Normal,"          P/Invoke 'SysFreeString' resolved to 'SysFreeString!OleAut32' from 'SupportedAPIs.xml'."
"Message",Normal,"          P/Invoke 'GetStdHandle' resolved to 'GetStdHandle!kernel32.dll' from 'SupportedAPIs.xml'."
"Message",Normal,"          P/Invoke 'WriteFile' resolved to 'WriteFile!kernel32.dll' from 'SupportedAPIs.xml'."
"Message",Normal,"          P/Invoke 'GetFileType' resolved to 'GetFileType!kernel32.dll' from 'SupportedAPIs.xml'."
"Message",Normal,"          P/Invoke 'GetConsoleOutputCP' resolved to 'GetConsoleOutputCP!kernel32.dll' from 'SupportedAPIs.xml'."
"Message",Normal,"          P/Invoke 'ReadFile' resolved to 'ReadFile!kernel32.dll' from 'SupportedAPIs.xml'."
"Message",Normal,"          P/Invoke 'ReadConsoleW' resolved to 'ReadConsoleW!kernel32.dll' from 'SupportedAPIs.xml'."
"Message",Normal,"          P/Invoke 'WriteConsoleW' resolved to 'WriteConsoleW!kernel32.dll' from 'SupportedAPIs.xml'."
"Message",Normal,"          P/Invoke 'GetConsoleCP' resolved to 'GetConsoleCP!kernel32.dll' from 'SupportedAPIs.xml'."
"Message",Normal,"          P/Invoke 'WideCharToMultiByte' resolved to 'WideCharToMultiByte!kernel32.dll' from 'SupportedAPIs.xml'."
"Message",Normal,"          P/Invoke 'MultiByteToWideChar' resolved to 'MultiByteToWideChar!kernel32.dll' from 'SupportedAPIs.xml'."
"Message",Normal,"          P/Invoke 'GetCPInfoExW' resolved to 'GetCPInfoExW!kernel32.dll' from 'SupportedAPIs.xml'."
"Message",Normal,"          P/Invoke 'GetConsoleMode' resolved to 'GetConsoleMode!kernel32.dll' from 'SupportedAPIs.xml'."
"Message",Normal,"          P/Invoke 'FormatMessageW' resolved to 'FormatMessageW!kernel32.dll' from 'SupportedAPIs.xml'."
"Message",Normal,"          P/Invoke 'RoGetBufferMarshaler' resolved to 'RoGetBufferMarshaler!api-ms-win-core-winrt-robuffer-l1-1-0.dll' from 'SupportedAPIs.xml'."
"Message",High,"  Generating code..."
"Message",High,"  Interop code generated."
"Message",Normal,"  Written code to AssemblyInfo.g.cs"
"Message",Normal,"  Written code to Adapters.g.cs"
"Message",Normal,"  Written code to Data.g.cs"
"Message",Normal,"  Written code to Helpers.g.cs"
"Message",Normal,"  Written code to ImplTypes.g.cs"
"Message",Normal,"  Written code to PInvoke.g.cs"
"Message",Normal,"  Written code to SafeTypes.g.cs"
"Message",Normal,"  Written code to SharedStubs.g.cs"
"Message",Normal,"Running 'GenerateCodeAndCompile' transform, heap at 153 MB."
"Message",High,"Compiling interop code"
"Message",Normal,"Compiling generated source code: C:\Users\Steve\.nuget\packages\microsoft.net.native.compiler\2.2.7-rel-27913-00\tools\csc\csc.exe /noconfig @""C:\Users\Steve\source\repos\HelloWorld\HelloWorld\obj\x64\Release\ilc\intermediate\HelloWorld.McgInterop.rsp"""
"Message",High,"Generating System.Reflection.DispatchProxy proxy code."
"Message",Normal,"Running 'ReducedCopyInitialize' transform, heap at 153 MB."
"Message",Normal,"Running 'ReducedCopyEmptyTypes' transform, heap at 170 MB."
"Message",Normal,"Running 'ReducedCopyPopulateTypes' transform, heap at 171 MB."
"Message",Normal,"Running 'ReducedCopyLateMetadata' transform, heap at 181 MB."
"Message",Normal,"Running 'ReducedCopyPassResourcesToMutableAssembly' transform, heap at 187 MB."
"Message",Normal,"Running 'ReducedCopyMethodBodies' transform, heap at 187 MB."
"Message",Normal,"Running 'ReducedCopyComplete' transform, heap at 197 MB."
"Message",Normal,"Running 'ReducedCopyCleanup' transform, heap at 231 MB."
"Message",Normal,"Running 'DeveloperExperienceModeOnlyCodeRemover' transform, heap at 231 MB."
"Message",Normal,"Running 'ComImportDetector' transform, heap at 231 MB."
"Message",Normal,"Running 'McgAccessor' transform, heap at 231 MB."
"Message",Normal,"Running 'McgRedirect' transform, heap at 232 MB."
"Message",Normal,"Running 'McgRedirect' transform, heap at 233 MB."
"Message",Normal,"Running 'McgTypeOf' transform, heap at 234 MB."
"Message",Normal,"Running 'EventSource' transform, heap at 237 MB."
"Message",Normal,"Running 'ValueType' transform, heap at 237 MB."
"Message",Normal,"Running 'Attribute' transform, heap at 237 MB."
"Message",Normal,"Running 'GetType' transform, heap at 237 MB."
"Message",Normal,"Running 'McgFixups' transform, heap at 237 MB."
"Message",Normal,"Running 'ResourceManagerCtor' transform, heap at 238 MB."
"Message",Normal,"Running 'TypeofTypeHandle' transform, heap at 238 MB."
"Message",Normal,"Running 'DispatchProxyIntrinsics' transform, heap at 239 MB."
"Message",Normal,"Running 'StaticInitData' transform, heap at 239 MB."
"Message",Normal,"Running 'Delegate' transform, heap at 172 MB."
"Message",Normal,"Running 'LazyGenerics' transform, heap at 172 MB."
"Message",Normal,"Running 'AddReflectionBlockedAttributes' transform, heap at 176 MB."
"Message",Normal,"Running 'DisableOptimization' transform, heap at 176 MB."
"Message",Normal,"Running 'ResourceExtractor' transform, heap at 176 MB."
"Message",Normal,"Running 'CreateMetadata' transform, heap at 177 MB."
"Message",Normal,"Running 'StartupCodeInjector' transform, heap at 184 MB."
"Message",Normal,"Running 'SaveRVAStatics' transform, heap at 184 MB."
"Message",Normal,"Running 'ReflectionInvoke' transform, heap at 185 MB."
"Message",Normal,"Running 'ScrubOpenCalls' transform, heap at 185 MB."
"Message",Normal,"Running 'ConvertCatchIntoFilter' transform, heap at 185 MB."
"Message",Normal,"Running 'ReflectionMappingInfoEmit' transform, heap at 186 MB."
"Message",Normal,"Running 'ReflectionIntrinsics' transform, heap at 186 MB."
"Message",Normal,"Running 'ConvertManagedWinMD' transform, heap at 186 MB."
"Message",Normal,"Running 'DebuggerGuidedStepThroughJmc' transform, heap at 186 MB."
"Message",Normal,"Running 'Reducer' transform, heap at 187 MB."
"Message",High,"Cleaning up unreferenced code"
"Message",Normal,"Running 'WriteAssemblies' transform, heap at 208 MB."
"Message",Normal,""
"Message",Normal,"Transform summary"
"Message",Normal,"    ms | heap delta | name"
"Message",Normal,"  6169 |        161 | Analysis"
"Message",Normal,"  1188 |          0 | GenerateCodeAndCompile"
"Message",Normal,"   768 |         19 | WriteAssemblies"
"Message",Normal,"   639 |       -165 | Mcg"
"Message",Normal,"   453 |         34 | ReducedCopyComplete"
"Message",Normal,"   392 |        -67 | StaticInitData"
"Message",Normal,"   323 |         17 | ReducedCopyInitialize"
"Message",Normal,"   319 |         21 | Reducer"
"Message",Normal,"   136 |         14 | DumpNativeResources"
"Message",Normal,"   109 |         10 | ReducedCopyMethodBodies"
"Message",Normal,"    94 |          7 | CreateMetadata"
"Message",Normal,"    74 |          6 | ReducedCopyLateMetadata"
"Message",Normal,"    69 |         10 | ReducedCopyPopulateTypes"
"Message",Normal,"    58 |          4 | LazyGenerics"
"Message",Normal,"    53 |          3 | McgTypeOf"
"Message",Normal,"    37 |          1 | McgRedirect"
"Message",Normal,"    36 |          1 | McgRedirect"
"Message",Normal,"    17 |          1 | TypeofTypeHandle"
"Message",Normal,"    16 |          1 | ResourceExtractor"
"Message",Normal,"    11 |          1 | SaveRVAStatics"
"Message",Normal,"     7 |          0 | GetType"
"Message",Normal,"     5 |          1 | DebuggerGuidedStepThroughJmc"
"Message",Normal,"     4 |          1 | ReducedCopyEmptyTypes"
"Message",Normal,"     4 |          1 | McgFixups"
"Message",Normal,"     4 |          0 | ReflectionInvoke"
"Message",Normal,"     4 |          0 | ReducedCopyCleanup"
"Message",Normal,"     3 |          0 | ReflectionIntrinsics"
"Message",Normal,"     3 |          0 | DispatchProxyIntrinsics"
"Message",Normal,"     2 |          0 | Delegate"
"Message",Normal,"     2 |          1 | McgAccessor"
"Message",Normal,"     2 |          0 | ScrubOpenCalls"
"Message",Normal,"     1 |          0 | ReflectionMappingInfoEmit"
"Message",Normal,"     1 |          1 | ConvertCatchIntoFilter"
"Message",Normal,"     1 |          0 | ValueType"
"Message",Normal,"     1 |          0 | Attribute"
"Message",Normal,"     1 |          0 | EventSource"
"Message",Normal,"     1 |          0 | StartupCodeInjector"
"Message",Normal,"     0 |          0 | ComImportDetector"
"Message",Normal,"     0 |          0 | DisableOptimization"
"Message",Normal,"     0 |          0 | AddReflectionBlockedAttributes"
"Message",Normal,"     0 |          0 | ReducedCopyPassResourcesToMutableAssembly"
"Message",Normal,"     0 |          0 | ConvertManagedWinMD"
"Message",Normal,"     0 |          0 | ResourceManagerCtor"
"Message",Normal,"     0 |          0 | DeveloperExperienceModeOnlyCodeRemover"
"Message",Low,"Done executing task ""RunILTransforms""."
"Message",Low,"Done building target ""RunILTransforms"" in file ""ILTransforms""."
"Message",Low,"Done building project ""ILTransforms""."
"Message",Low,""
"Message",Low,""
"Message",Low,"Done building target ""GenerateMDIL"" in file ""Nutc""."
"Message",Low,""
"Message",High,"Generating native code"
"Message",Low,"Done building target ""MDILPrepareMultiFile"" in file ""Nutc""."
"Message",Low,""
"Message",Low,"Done building target ""SetBinaryForReferences"" in file ""Nutc""."
"Message",Low,""
"Message",Low,"Task ""GenerateMDILGlobalAnalysis"""
"Message",Normal,"Launching 'C:\Users\Steve\.nuget\packages\runtime.win10-x64.microsoft.net.native.compiler\2.2.7-rel-27913-00\tools\x64\ilc\Tools\nutc_driver.exe @""C:\Users\Steve\source\repos\HelloWorld\HelloWorld\obj\x64\Release\ilc\intermediate\MDIL\HelloWorld.rsp""'"
"Message",Low,"Microsoft (R) MDIL Compiler - Version 2.2.27913.00"
"Message",Low,"Copyright (c) Microsoft Corporation.  All rights reserved."
"Message",Low,"Scanning input types"
"Message",Low,"Scanning 2623 methods."
"Message",Low,"Scanning 1874 methods."
"Message",Low,"Scanning 779 methods."
"Message",Low,"Scanning 349 methods."
"Message",Low,"Scanning 196 methods."
"Message",Low,"Scanning 143 methods."
"Message",Low,"Scanning 65 methods."
"Message",Low,"Scanning 113 methods."
"Message",Low,"Scanning 44 methods."
"Message",Low,"Scanning 54 methods."
"Message",Low,"Scanning 44 methods."
"Message",Low,"Scanning 16 methods."
"Message",Low,"Scanning 11 methods."
"Message",Low,"Scanning 5 methods."
"Message",Low,"Scanning 5 methods."
"Message",Low,"Scanning 18 methods."
"Message",Low,"Scanning 44 methods."
"Message",Low,"Scanning 31 methods."
"Message",Low,"Scanning 115 methods."
"Message",Low,"Scanning 69 methods."
"Message",Low,"Scanning 47 methods."
"Message",Low,"Scanning 4 methods."
"Message",Low,"Scanning 4 methods."
"Message",Low,"Eager code generation"
"Message",Low,"Compiling 6653 methods."
"Message",Low,"Deferred code generation"
"Message",Low,"Call to managed method Initialize succeeded; exit code: 0 while generating CTL.Stack trace metadata statistics"
"Message",Low,"Number of methods emitted:   2376"
"Message",Low,"Metadata blob size:          79501"
"Message",Low,"Method RVA - token map size: 19008"
"Message",Low,"Total native size:           98509"
"Message",Low,"Successfully generated 'C:\Users\Steve\source\repos\HelloWorld\HelloWorld\obj\x64\Release\ilc\intermediate\MDIL\HelloWorld.mdilexe'"
"Message",Low,"Successfully generated 'C:\Users\Steve\source\repos\HelloWorld\HelloWorld\obj\x64\Release\ilc\intermediate\MDIL\HelloWorld.mdilpdb'"
"Message",Low,"Compiled to MDIL code."
"Message",Normal,"'C:\Users\Steve\.nuget\packages\runtime.win10-x64.microsoft.net.native.compiler\2.2.7-rel-27913-00\tools\x64\ilc\Tools\nutc_driver.exe @""C:\Users\Steve\source\repos\HelloWorld\HelloWorld\obj\x64\Release\ilc\intermediate\MDIL\HelloWorld.rsp""' completed."
"Message",Normal,"Process execution statistics (all times in milliseconds)"
"Message",Normal,"-----------------------------------------------------------------------------"
"Message",Normal,"launch  |  start   |   stop   |   end    | duration | lifetime | [slot] name"
"Message",Normal,"-----------------------------------------------------------------------------"
"Message",Normal,"       0 |        0 |     6703 |     6703 |     6703 |     6703 | [0] Nutc GlobalAnalysis"
"Message",Normal,"Number of commands:      1"
"Message",Normal,"Total system time:       6703 ms"
"Message",Normal,"System time per command: 6703 ms"
"Message",Normal,"Total duration:          6703 ms"
"Message",Normal,"Total lifetime:          6703 ms"
"Message",Normal,"Requested DOP:           4"
"Message",Normal,"Duration DOP:            1.0"
"Message",Normal,"Lifetime DOP:            1.0"
"Message",Low,"Done executing task ""GenerateMDILGlobalAnalysis""."
"Message",Low,"Done building target ""GenerateMDILGlobalAnalysis"" in file ""Nutc""."
"Message",Low,""
"Message",Low,"Task ""rc"""
"Message",Normal,"Launching 'C:\Program Files (x86)\Windows Kits\10\bin\10.0.17763.0\x64\rc.exe /c ""65001"" /r /fo ""C:\Users\Steve\source\repos\HelloWorld\HelloWorld\obj\x64\Release\ilc\intermediate\BuildInfo\BuildInfo.res"" ""C:\Users\Steve\source\repos\HelloWorld\HelloWorld\obj\x64\Release\ilc\intermediate\BuildInfo\BuildInfo.rc""'"
"Message",Low,"Microsoft (R) Windows (R) Resource Compiler Version 10.0.10011.16384"
"Message",Low,"Copyright (C) Microsoft Corporation.  All rights reserved."
"Message",Normal,"'C:\Program Files (x86)\Windows Kits\10\bin\10.0.17763.0\x64\rc.exe /c ""65001"" /r /fo ""C:\Users\Steve\source\repos\HelloWorld\HelloWorld\obj\x64\Release\ilc\intermediate\BuildInfo\BuildInfo.res"" ""C:\Users\Steve\source\repos\HelloWorld\HelloWorld\obj\x64\Release\ilc\intermediate\BuildInfo\BuildInfo.rc""' completed."
"Message",Normal,"Process execution statistics (all times in milliseconds)"
"Message",Normal,"-----------------------------------------------------------------------------"
"Message",Normal,"launch  |  start   |   stop   |   end    | duration | lifetime | [slot] name"
"Message",Normal,"-----------------------------------------------------------------------------"
"Message",Normal,"       0 |       15 |       31 |       31 |       16 |       31 | [0] rc"
"Message",Normal,"Number of commands:      1"
"Message",Normal,"Total system time:       31 ms"
"Message",Normal,"System time per command: 31 ms"
"Message",Normal,"Total duration:          16 ms"
"Message",Normal,"Total lifetime:          31 ms"
"Message",Normal,"Requested DOP:           4"
"Message",Normal,"Duration DOP:            0.5"
"Message",Normal,"Lifetime DOP:            1.0"
"Message",Low,"Done executing task ""rc""."
"Message",Low,"Task ""ResourceBinaryConcatenate"""
"Message",Normal,"Concatenating into 'C:\Users\Steve\source\repos\HelloWorld\HelloWorld\obj\x64\Release\ilc\intermediate\Native.res' with alignment '4'."
"Message",Normal," Added 'C:\Users\Steve\source\repos\HelloWorld\HelloWorld\obj\x64\Release\ilc\intermediate\ILTransformed\HelloWorld.res' at offset 0."
"Message",Normal," Added 'C:\Users\Steve\source\repos\HelloWorld\HelloWorld\obj\x64\Release\ilc\intermediate\BuildInfo\BuildInfo.res' at offset 1400."
"Message",Low,"Done executing task ""ResourceBinaryConcatenate""."
"Message",Low,"Done building target ""GenerateBuildInfo"" in file ""Nutc""."
"Message",Low,"Done building project ""Nutc""."
"Message",Low,""
"Message",Low,""
"Message",Low,"Done building target ""MDILBindPrepare"" in file ""Binder""."
"Message",Low,""
"Message",High,"Generating fixups for native code"
"Message",Low,"Task ""MDILBind"""
"Message",Normal,"Launching 'C:\Users\Steve\.nuget\packages\runtime.win10-x64.microsoft.net.native.compiler\2.2.7-rel-27913-00\tools\x64\ilc\Tools\rhbind.exe @""C:\Users\Steve\source\repos\HelloWorld\HelloWorld\obj\x64\Release\ilc\intermediate\rhbindargs.HelloWorld.rsp""'"
"Message",Low,"OS VERSION: major: 6  minor: 2"
"Message",Low,"MDIL: C:\Users\Steve\source\repos\HelloWorld\HelloWorld\obj\x64\Release\ilc\intermediate\MDIL\HelloWorld.mdilexe"
"Message",Low,"MDILPDB: C:\Users\Steve\source\repos\HelloWorld\HelloWorld\obj\x64\Release\ilc\intermediate\MDIL\HelloWorld.mdilpdb"
"Message",Low,"IL: C:\Users\Steve\source\repos\HelloWorld\HelloWorld\obj\x64\Release\ilc\intermediate\MDIL\HelloWorld.ilexe"
"Message",Low,"NI: C:\Users\Steve\source\repos\HelloWorld\HelloWorld\obj\x64\Release\ilc\intermediate\Native\HelloWorld.dll"
"Message",Low,"SHIM: C:\Users\Steve\source\repos\HelloWorld\HelloWorld\obj\x64\Release\ilc\intermediate\Native\HelloWorld.exe"
"Message",Low,"REDHAWK_RUNTIME_DLL_NAME_A=mrt100_app.dll"
"Message",Low,"pdb: C:\Users\Steve\source\repos\HelloWorld\HelloWorld\obj\x64\Release\ilc\intermediate\Native\HelloWorld.pdb"
"Message",Low,"Produced C:\Users\Steve\source\repos\HelloWorld\HelloWorld\obj\x64\Release\ilc\intermediate\Native\HelloWorld.dll in 0.532 seconds"
"Message",Normal,"'C:\Users\Steve\.nuget\packages\runtime.win10-x64.microsoft.net.native.compiler\2.2.7-rel-27913-00\tools\x64\ilc\Tools\rhbind.exe @""C:\Users\Steve\source\repos\HelloWorld\HelloWorld\obj\x64\Release\ilc\intermediate\rhbindargs.HelloWorld.rsp""' completed."
"Message",Normal,"Process execution statistics (all times in milliseconds)"
"Message",Normal,"-----------------------------------------------------------------------------"
"Message",Normal,"launch  |  start   |   stop   |   end    | duration | lifetime | [slot] name"
"Message",Normal,"-----------------------------------------------------------------------------"
"Message",Normal,"       0 |        0 |      562 |      562 |      562 |      562 | [0] rhbind HelloWorld"
"Message",Normal,"Number of commands:      1"
"Message",Normal,"Total system time:       562 ms"
"Message",Normal,"System time per command: 562 ms"
"Message",Normal,"Total duration:          562 ms"
"Message",Normal,"Total lifetime:          562 ms"
"Message",Normal,"Requested DOP:           4"
"Message",Normal,"Duration DOP:            1.0"
"Message",Normal,"Lifetime DOP:            1.0"
"Message",Low,"Done executing task ""MDILBind""."
"Message",Low,"Done building target ""MDILBind"" in file ""Binder""."
"Message",Low,"Done building project ""Binder""."
"Message",Low,""
"Message",Low,""
"Message",Low,"Done building target ""CopyNativeExecutablesToOutput"" in file ""Deployment""."
"Message",Low,""
"Message",Low,"Task ""TransformAppxManifest"""
"Message",Low,"Done executing task ""TransformAppxManifest""."
"Message",Low,"Done building target ""TransformAppxManifestAndAddCrt"" in file ""Deployment""."
"Message",Low,""
"Message",Low,"Done building target ""CopyPackageResourceFileInRetailBuild"" in file ""Deployment""."
"Message",Low,"Done building project ""Deployment""."
"Message",Low,"Compilation finished"
